Image,Depth,ColorSpace,Size,FuzzErrorMetric,MeanSquareErrorMetric,PeakSignalToRatioErrorMetric,PerceptualErrorMetric,
pictures\1.hdr,32,RGB(A),10194519,,,,,
pictures\1.hdr,4,CMYK,6291456,0.017679,0.000313,35.050813,0.389627,
pictures\1.hdr,6,CMYK,9437184,0.004189,0.000018,47.556946,0.000437,
pictures\1.hdr,8,CMYK,12582912,0.001038,0.000001,59.678368,0.000039,
pictures\1.hdr,10,CMYK,15728640,0.000266,0.000000,71.507461,0.000053,
pictures\1.hdr,12,CMYK,18874368,0.000066,0.000000,83.598225,0.000003,
pictures\1.hdr,4,YCbC,4718592,0.030128,0.000908,30.420537,29.829151,
pictures\1.hdr,6,YCbC,7077888,0.007481,0.000056,42.521381,0.359574,
pictures\1.hdr,8,YCbC,9437184,0.001853,0.000003,54.642695,0.288740,
pictures\1.hdr,10,YCbC,11796480,0.000465,0.000000,66.658249,0.189151,
pictures\1.hdr,12,YCbC,14155776,0.000119,0.000000,78.488485,0.224546,
pictures\1.hdr,4,HCL,4718592,0.018789,0.000353,34.521862,26.044757,
pictures\1.hdr,6,HCL,7077888,0.004494,0.000020,46.947370,0.057941,
pictures\1.hdr,8,HCL,9437184,0.001102,0.000001,59.159574,0.000093,
pictures\1.hdr,10,HCL,11796480,0.000270,0.000000,71.361043,0.000009,
pictures\1.hdr,12,HCL,14155776,0.000068,0.000000,83.314445,0.000002,
pictures\1.hdr,4,Lab,4718592,0.035227,0.001241,29.062450,31.784866,
pictures\1.hdr,6,Lab,7077888,0.007381,0.000054,42.637119,4.415942,
pictures\1.hdr,8,Lab,9437184,0.001816,0.000003,54.816512,3.984119,
pictures\1.hdr,10,Lab,11796480,0.000453,0.000000,66.877376,4.342059,
pictures\1.hdr,12,Lab,14155776,0.000114,0.000000,78.875788,4.781075,
pictures\1.hdr,4,Luv,4718592,0.026435,0.000699,31.556404,33.246568,
pictures\1.hdr,6,Luv,7077888,0.006888,0.000047,43.237655,3.977885,
pictures\1.hdr,8,Luv,9437184,0.001668,0.000003,55.556951,4.110220,
pictures\1.hdr,10,Luv,11796480,0.000438,0.000000,67.168069,0.982115,
pictures\1.hdr,12,Luv,14155776,0.000104,0.000000,79.691442,1.607720,
pictures\1.hdr,4,RGB,4718592,0.019930,0.000397,34.009741,25.292148,
pictures\1.hdr,6,RGB,7077888,0.004493,0.000020,46.948378,9.027332,
pictures\1.hdr,8,RGB,9437184,0.001116,0.000001,59.048782,0.011129,
pictures\1.hdr,10,RGB,11796480,0.000279,0.000000,71.081330,0.007603,
pictures\1.hdr,12,RGB,14155776,0.000050,0.000000,86.080925,0.000029,
pictures\1.hdr,4,sRGB,4718592,0.016588,0.000275,35.604030,16.428446,
pictures\1.hdr,6,sRGB,7077888,0.003911,0.000015,48.153614,0.027159,
pictures\1.hdr,8,sRGB,9437184,0.000972,0.000001,60.247762,0.001377,
pictures\1.hdr,10,sRGB,11796480,0.000249,0.000000,72.085899,0.000064,
pictures\1.hdr,12,sRGB,14155776,0.000062,0.000000,84.203862,0.000031,
pictures\1.hdr,4,XYZ,4718592,0.039760,0.001581,28.011007,27.608554,
pictures\1.hdr,6,XYZ,7077888,0.014715,0.000217,36.644591,2.003707,
pictures\1.hdr,8,XYZ,9437184,0.010766,0.000116,39.358637,1.553936,
pictures\1.hdr,10,XYZ,11796480,0.010423,0.000109,39.640128,1.769981,
pictures\1.hdr,12,XYZ,14155776,0.010403,0.000108,39.657174,1.793968,
pictures\1.hdr,4,YCC,4718592,0.065587,0.004302,23.663598,8.634255,
pictures\1.hdr,6,YCC,7077888,0.057308,0.003284,24.835670,11.646328,
pictures\1.hdr,8,YCC,9437184,0.056848,0.003232,24.905667,9.803572,
pictures\1.hdr,10,YCC,11796480,0.056822,0.003229,24.909736,9.868121,
pictures\1.hdr,12,YCC,14155776,0.056821,0.003229,24.909886,9.852879,
pictures\1.hdr,4,YPbPr,4718592,0.030128,0.000908,30.420537,29.829151,
pictures\1.hdr,6,YPbPr,7077888,0.007481,0.000056,42.521381,0.359574,
pictures\1.hdr,8,YPbPr,9437184,0.001853,0.000003,54.642695,0.288740,
pictures\1.hdr,10,YPbPr,11796480,0.000465,0.000000,66.658249,0.189151,
pictures\1.hdr,12,YPbPr,14155776,0.000119,0.000000,78.488485,0.224546,
pictures\1.hdr,4,YUV,4718592,0.027050,0.000732,31.356721,26.070557,
pictures\1.hdr,6,YUV,7077888,0.006840,0.000047,43.298642,4.238562,
pictures\1.hdr,8,YUV,9437184,0.001700,0.000003,55.391646,3.932010,
pictures\1.hdr,10,YUV,11796480,0.000425,0.000000,67.433990,4.163299,
pictures\1.hdr,12,YUV,14155776,0.000109,0.000000,79.276610,4.482488,
pictures\2.hdr,32,RGB(A),10462913,,,,,
pictures\2.hdr,4,CMYK,6291456,0.019960,0.000398,33.996787,0.098493,
pictures\2.hdr,6,CMYK,9437184,0.004763,0.000023,46.442179,0.000181,
pictures\2.hdr,8,CMYK,12582912,0.001176,0.000001,58.591668,0.000017,
pictures\2.hdr,10,CMYK,15728640,0.000305,0.000000,70.305318,0.000008,
pictures\2.hdr,12,CMYK,18874368,0.000075,0.000000,82.473847,0.000002,
pictures\2.hdr,4,YCbC,4718592,0.031461,0.000990,30.044433,10.127991,
pictures\2.hdr,6,YCbC,7077888,0.008240,0.000068,41.681350,0.134323,
pictures\2.hdr,8,YCbC,9437184,0.002041,0.000004,53.804916,0.075214,
pictures\2.hdr,10,YCbC,11796480,0.000512,0.000000,65.814202,0.111917,
pictures\2.hdr,12,YCbC,14155776,0.000134,0.000000,77.453748,0.135303,
pictures\2.hdr,4,HCL,4718592,0.022405,0.000502,32.993285,0.404675,
pictures\2.hdr,6,HCL,7077888,0.005358,0.000029,45.419272,0.000643,
pictures\2.hdr,8,HCL,9437184,0.001321,0.000002,57.583178,0.000014,
pictures\2.hdr,10,HCL,11796480,0.000320,0.000000,69.908619,0.000001,
pictures\2.hdr,12,HCL,14155776,0.000081,0.000000,81.853667,0.000001,
pictures\2.hdr,4,Lab,4718592,0.038962,0.001518,28.187071,9.446907,
pictures\2.hdr,6,Lab,7077888,0.008227,0.000068,41.695579,2.753379,
pictures\2.hdr,8,Lab,9437184,0.002064,0.000004,53.705207,3.142432,
pictures\2.hdr,10,Lab,11796480,0.000514,0.000000,65.774557,4.251368,
pictures\2.hdr,12,Lab,14155776,0.000129,0.000000,77.774756,6.651071,
pictures\2.hdr,4,Luv,4718592,0.027179,0.000739,31.315475,64.287474,
pictures\2.hdr,6,Luv,7077888,0.007699,0.000059,42.271400,0.222038,
pictures\2.hdr,8,Luv,9437184,0.001884,0.000004,54.496830,3.988672,
pictures\2.hdr,10,Luv,11796480,0.000490,0.000000,66.194495,0.772566,
pictures\2.hdr,12,Luv,14155776,0.000117,0.000000,78.608379,1.698256,
pictures\2.hdr,4,RGB,4718592,0.019281,0.000372,34.297514,1.867062,
pictures\2.hdr,6,RGB,7077888,0.004502,0.000020,46.931483,0.245808,
pictures\2.hdr,8,RGB,9437184,0.001118,0.000001,59.032755,0.002793,
pictures\2.hdr,10,RGB,11796480,0.000264,0.000000,71.570071,0.000427,
pictures\2.hdr,12,RGB,14155776,0.000053,0.000000,85.466411,0.000008,
pictures\2.hdr,4,sRGB,4718592,0.018487,0.000342,34.662558,0.057243,
pictures\2.hdr,6,sRGB,7077888,0.004429,0.000020,47.073495,0.000988,
pictures\2.hdr,8,sRGB,9437184,0.001104,0.000001,59.142589,0.000587,
pictures\2.hdr,10,sRGB,11796480,0.000287,0.000000,70.831033,0.000118,
pictures\2.hdr,12,sRGB,14155776,0.000071,0.000000,83.011958,0.000002,
pictures\2.hdr,4,XYZ,4718592,0.040971,0.001679,27.750534,13.913941,
pictures\2.hdr,6,XYZ,7077888,0.015155,0.000230,36.389146,0.296805,
pictures\2.hdr,8,XYZ,9437184,0.010904,0.000119,39.248160,0.164038,
pictures\2.hdr,10,XYZ,11796480,0.010565,0.000112,39.522801,0.176617,
pictures\2.hdr,12,XYZ,14155776,0.010545,0.000111,39.539408,0.179955,
pictures\2.hdr,4,YCC,4718592,0.077428,0.005995,22.222062,11.237729,
pictures\2.hdr,6,YCC,7077888,0.069055,0.004769,23.216138,11.433010,
pictures\2.hdr,8,YCC,9437184,0.068656,0.004714,23.266389,11.114143,
pictures\2.hdr,10,YCC,11796480,0.068632,0.004710,23.269468,11.023475,
pictures\2.hdr,12,YCC,14155776,0.068631,0.004710,23.269589,11.003739,
pictures\2.hdr,4,YPbPr,4718592,0.031461,0.000990,30.044433,10.127991,
pictures\2.hdr,6,YPbPr,7077888,0.008240,0.000068,41.681350,0.134323,
pictures\2.hdr,8,YPbPr,9437184,0.002041,0.000004,53.804916,0.075214,
pictures\2.hdr,10,YPbPr,11796480,0.000512,0.000000,65.814202,0.111917,
pictures\2.hdr,12,YPbPr,14155776,0.000134,0.000000,77.453748,0.135303,
pictures\2.hdr,4,YUV,4718592,0.028218,0.000796,30.989600,17.118479,
pictures\2.hdr,6,YUV,7077888,0.007592,0.000058,42.393063,2.835370,
pictures\2.hdr,8,YUV,9437184,0.001883,0.000004,54.504777,7.868700,
pictures\2.hdr,10,YUV,11796480,0.000478,0.000000,66.415646,4.010869,
pictures\2.hdr,12,YUV,14155776,0.000148,0.000000,76.567073,5.422627,
pictures\3.hdr,32,RGB(A),10511662,,,,,
pictures\3.hdr,4,CMYK,6291456,0.013838,0.000191,37.178567,0.040541,
pictures\3.hdr,6,CMYK,9437184,0.003307,0.000011,49.611788,0.000107,
pictures\3.hdr,8,CMYK,12582912,0.000823,0.000001,61.687093,0.000007,
pictures\3.hdr,10,CMYK,15728640,0.000212,0.000000,73.480138,0.000021,
pictures\3.hdr,12,CMYK,18874368,0.000052,0.000000,85.607556,0.000002,
pictures\3.hdr,4,YCbC,4718592,0.021081,0.000444,33.522299,1.996896,
pictures\3.hdr,6,YCbC,7077888,0.005626,0.000032,44.995293,0.106418,
pictures\3.hdr,8,YCbC,9437184,0.001397,0.000002,57.097672,0.003428,
pictures\3.hdr,10,YCbC,11796480,0.000350,0.000000,69.116717,0.001433,
pictures\3.hdr,12,YCbC,14155776,0.000092,0.000000,80.705459,0.008106,
pictures\3.hdr,4,HCL,4718592,0.016525,0.000273,35.637155,1.502919,
pictures\3.hdr,6,HCL,7077888,0.004121,0.000017,47.699548,0.009502,
pictures\3.hdr,8,HCL,9437184,0.001026,0.000001,59.779371,0.000090,
pictures\3.hdr,10,HCL,11796480,0.000234,0.000000,72.604516,0.000009,
pictures\3.hdr,12,HCL,14155776,0.000059,0.000000,84.518491,0.000001,
pictures\3.hdr,4,Lab,4718592,0.026963,0.000727,31.384626,22.621927,
pictures\3.hdr,6,Lab,7077888,0.005682,0.000032,44.910004,1.271909,
pictures\3.hdr,8,Lab,9437184,0.001422,0.000002,56.942840,1.018172,
pictures\3.hdr,10,Lab,11796480,0.000354,0.000000,69.008253,0.981773,
pictures\3.hdr,12,Lab,14155776,0.000089,0.000000,80.991922,0.952711,
pictures\3.hdr,4,Luv,4718592,0.018881,0.000357,34.479312,8.949660,
pictures\3.hdr,6,Luv,7077888,0.005442,0.000030,45.284732,0.107726,
pictures\3.hdr,8,Luv,9437184,0.001346,0.000002,57.416973,1.020168,
pictures\3.hdr,10,Luv,11796480,0.000342,0.000000,69.322480,0.148392,
pictures\3.hdr,12,Luv,14155776,0.000084,0.000000,81.487097,0.383252,
pictures\3.hdr,4,RGB,4718592,0.019473,0.000379,34.211390,24.242716,
pictures\3.hdr,6,RGB,7077888,0.004558,0.000021,46.824973,2.779785,
pictures\3.hdr,8,RGB,9437184,0.001117,0.000001,59.041683,0.005590,
pictures\3.hdr,10,RGB,11796480,0.000253,0.000000,71.949367,0.002460,
pictures\3.hdr,12,RGB,14155776,0.000041,0.000000,87.779317,0.000079,
pictures\3.hdr,4,sRGB,4718592,0.013567,0.000184,37.350060,0.500281,
pictures\3.hdr,6,sRGB,7077888,0.003243,0.000011,49.780035,0.002719,
pictures\3.hdr,8,sRGB,9437184,0.000809,0.000001,61.841174,0.000266,
pictures\3.hdr,10,sRGB,11796480,0.000209,0.000000,73.594381,0.000125,
pictures\3.hdr,12,sRGB,14155776,0.000052,0.000000,85.702012,0.000003,
pictures\3.hdr,4,XYZ,4718592,0.035414,0.001254,29.016593,12.036619,
pictures\3.hdr,6,XYZ,7077888,0.011641,0.000136,38.680043,8.022808,
pictures\3.hdr,8,XYZ,9437184,0.005473,0.000030,45.235204,0.327270,
pictures\3.hdr,10,XYZ,11796480,0.004731,0.000022,46.500094,0.131835,
pictures\3.hdr,12,XYZ,14155776,0.004683,0.000022,46.589735,0.118420,
pictures\3.hdr,4,YCC,4718592,0.054002,0.002916,25.351841,14.050912,
pictures\3.hdr,6,YCC,7077888,0.045588,0.002078,26.822971,11.508850,
pictures\3.hdr,8,YCC,9437184,0.045250,0.002048,26.887669,12.921227,
pictures\3.hdr,10,YCC,11796480,0.045229,0.002046,26.891740,12.949655,
pictures\3.hdr,12,YCC,14155776,0.045228,0.002046,26.891835,12.966544,
pictures\3.hdr,4,YPbPr,4718592,0.021081,0.000444,33.522299,1.996896,
pictures\3.hdr,6,YPbPr,7077888,0.005626,0.000032,44.995293,0.106418,
pictures\3.hdr,8,YPbPr,9437184,0.001397,0.000002,57.097672,0.003428,
pictures\3.hdr,10,YPbPr,11796480,0.000350,0.000000,69.116717,0.001433,
pictures\3.hdr,12,YPbPr,14155776,0.000092,0.000000,80.705459,0.008106,
pictures\3.hdr,4,YUV,4718592,0.019401,0.000376,34.243666,3.552754,
pictures\3.hdr,6,YUV,7077888,0.005366,0.000029,45.407399,1.557467,
pictures\3.hdr,8,YUV,9437184,0.001335,0.000002,57.487407,1.039948,
pictures\3.hdr,10,YUV,11796480,0.000365,0.000000,68.754596,0.994213,
pictures\3.hdr,12,YUV,14155776,0.000174,0.000000,75.182540,0.959700,
pictures\4.hdr,32,RGB(A),2241205,,,,,
pictures\4.hdr,4,CMYK,1384448,0.015976,0.000255,35.930908,2.109783,
pictures\4.hdr,6,CMYK,2076672,0.003831,0.000015,48.332823,0.601975,
pictures\4.hdr,8,CMYK,2768896,0.000949,0.000001,60.455531,0.011691,
pictures\4.hdr,10,CMYK,3461120,0.000246,0.000000,72.192975,0.000642,
pictures\4.hdr,12,CMYK,4153344,0.000059,0.000000,84.523730,0.001306,
pictures\4.hdr,4,YCbC,1038336,0.041408,0.001715,27.658282,107.003219,
pictures\4.hdr,6,YCbC,1557504,0.010057,0.000101,39.950890,10.011981,
pictures\4.hdr,8,YCbC,2076672,0.002520,0.000006,51.972452,12.597631,
pictures\4.hdr,10,YCbC,2595840,0.000638,0.000000,63.903147,2.672699,
pictures\4.hdr,12,YCbC,3115008,0.000163,0.000000,75.755202,0.289263,
pictures\4.hdr,4,HCL,1038336,0.015037,0.000226,36.456998,94.593236,
pictures\4.hdr,6,HCL,1557504,0.003742,0.000014,48.538610,2.571639,
pictures\4.hdr,8,HCL,2076672,0.000932,0.000001,60.611467,1.868451,
pictures\4.hdr,10,HCL,2595840,0.000235,0.000000,72.596583,0.000609,
pictures\4.hdr,12,HCL,3115008,0.000060,0.000000,84.455277,0.000205,
pictures\4.hdr,4,Lab,1038336,0.032129,0.001032,29.861958,79.596133,
pictures\4.hdr,6,Lab,1557504,0.007296,0.000053,42.738046,4.862348,
pictures\4.hdr,8,Lab,2076672,0.001795,0.000003,54.920383,1.802002,
pictures\4.hdr,10,Lab,2595840,0.000444,0.000000,67.045800,1.569150,
pictures\4.hdr,12,Lab,3115008,0.000111,0.000000,79.074215,1.552832,
pictures\4.hdr,4,Luv,1038336,0.024185,0.000585,32.328923,73.515881,
pictures\4.hdr,6,Luv,1557504,0.006953,0.000048,43.156526,13.578039,
pictures\4.hdr,8,Luv,2076672,0.001605,0.000003,55.889690,1.590179,
pictures\4.hdr,10,Luv,2595840,0.000520,0.000000,65.680411,1.855491,
pictures\4.hdr,12,Luv,3115008,0.000096,0.000000,80.329184,0.904132,
pictures\4.hdr,4,RGB,1038336,0.015158,0.000230,36.386998,71.979558,
pictures\4.hdr,6,RGB,1557504,0.004344,0.000019,47.241493,10.947809,
pictures\4.hdr,8,RGB,2076672,0.000966,0.000001,60.303481,3.394416,
pictures\4.hdr,10,RGB,2595840,0.000248,0.000000,72.114801,0.441829,
pictures\4.hdr,12,RGB,3115008,0.000058,0.000000,84.795640,0.012955,
pictures\4.hdr,4,sRGB,1038336,0.013950,0.000195,37.108480,8.412024,
pictures\4.hdr,6,sRGB,1557504,0.003325,0.000011,49.563568,1.628795,
pictures\4.hdr,8,sRGB,2076672,0.000820,0.000001,61.723309,0.021033,
pictures\4.hdr,10,sRGB,2595840,0.000218,0.000000,73.229149,0.000314,
pictures\4.hdr,12,sRGB,3115008,0.000052,0.000000,85.708295,0.000324,
pictures\4.hdr,4,XYZ,1038336,0.035205,0.001239,29.067865,41.729165,
pictures\4.hdr,6,XYZ,1557504,0.025830,0.000667,31.757545,34.183342,
pictures\4.hdr,8,XYZ,2076672,0.024698,0.000610,32.146860,9.038002,
pictures\4.hdr,10,XYZ,2595840,0.024597,0.000605,32.182294,5.437857,
pictures\4.hdr,12,XYZ,3115008,0.024592,0.000605,32.184137,5.614069,
pictures\4.hdr,4,YCC,1038336,0.046780,0.002188,26.598865,18.241358,
pictures\4.hdr,6,YCC,1557504,0.042464,0.001803,27.439609,6.617488,
pictures\4.hdr,8,YCC,2076672,0.042278,0.001787,27.477807,7.577280,
pictures\4.hdr,10,YCC,2595840,0.042265,0.001786,27.480440,7.344699,
pictures\4.hdr,12,YCC,3115008,0.042265,0.001786,27.480446,7.308783,
pictures\4.hdr,4,YPbPr,1038336,0.041408,0.001715,27.658282,107.003219,
pictures\4.hdr,6,YPbPr,1557504,0.010057,0.000101,39.950890,10.011981,
pictures\4.hdr,8,YPbPr,2076672,0.002520,0.000006,51.972452,12.597631,
pictures\4.hdr,10,YPbPr,2595840,0.000638,0.000000,63.903147,2.672699,
pictures\4.hdr,12,YPbPr,3115008,0.000163,0.000000,75.755202,0.289263,
pictures\4.hdr,4,YUV,1038336,0.030723,0.000944,30.250796,80.834178,
pictures\4.hdr,6,YUV,1557504,0.007387,0.000055,42.630843,14.359210,
pictures\4.hdr,8,YUV,2076672,0.001826,0.000003,54.769615,1.419502,
pictures\4.hdr,10,YUV,2595840,0.000468,0.000000,66.589212,1.653069,
pictures\4.hdr,12,YUV,3115008,0.000118,0.000000,78.579769,1.558828,
pictures\5.hdr,32,RGB(A),2404342,,,,,
pictures\5.hdr,4,CMYK,1384448,0.020184,0.000407,33.900034,1.665684,
pictures\5.hdr,6,CMYK,2076672,0.004724,0.000022,46.512974,0.002733,
pictures\5.hdr,8,CMYK,2768896,0.001171,0.000001,58.630475,0.000020,
pictures\5.hdr,10,CMYK,3461120,0.000299,0.000000,70.499522,0.000019,
pictures\5.hdr,12,CMYK,4153344,0.000074,0.000000,82.562880,0.000002,
pictures\5.hdr,4,YCbC,1038336,0.038741,0.001501,28.236641,43.039077,
pictures\5.hdr,6,YCbC,1557504,0.008563,0.000073,41.347120,0.974927,
pictures\5.hdr,8,YCbC,2076672,0.002120,0.000004,53.471471,0.028334,
pictures\5.hdr,10,YCbC,2595840,0.000533,0.000000,65.466153,0.005536,
pictures\5.hdr,12,YCbC,3115008,0.000136,0.000000,77.341139,0.000713,
pictures\5.hdr,4,HCL,1038336,0.020637,0.000426,33.707202,2.998939,
pictures\5.hdr,6,HCL,1557504,0.005532,0.000031,45.142720,0.221631,
pictures\5.hdr,8,HCL,2076672,0.001253,0.000002,58.043319,0.000147,
pictures\5.hdr,10,HCL,2595840,0.000297,0.000000,70.556584,0.000009,
pictures\5.hdr,12,HCL,3115008,0.000074,0.000000,82.557096,0.000002,
pictures\5.hdr,4,Lab,1038336,0.041352,0.001710,27.670066,99.223676,
pictures\5.hdr,6,Lab,1557504,0.008294,0.000069,41.624517,0.633136,
pictures\5.hdr,8,Lab,2076672,0.002054,0.000004,53.749454,0.333311,
pictures\5.hdr,10,Lab,2595840,0.000512,0.000000,65.822754,0.201920,
pictures\5.hdr,12,Lab,3115008,0.000128,0.000000,77.840985,0.163681,
pictures\5.hdr,4,Luv,1038336,0.032995,0.001089,29.631128,54.847875,
pictures\5.hdr,6,Luv,1557504,0.007786,0.000061,42.173447,3.413496,
pictures\5.hdr,8,Luv,2076672,0.001867,0.000003,54.575779,0.225777,
pictures\5.hdr,10,Luv,2595840,0.000497,0.000000,66.069635,0.006246,
pictures\5.hdr,12,Luv,3115008,0.000116,0.000000,78.718984,0.037241,
pictures\5.hdr,4,RGB,1038336,0.018514,0.000343,34.649902,3.050730,
pictures\5.hdr,6,RGB,1557504,0.004420,0.000020,47.092267,0.023484,
pictures\5.hdr,8,RGB,2076672,0.001127,0.000001,58.958195,0.002072,
pictures\5.hdr,10,RGB,2595840,0.000272,0.000000,71.319065,0.000137,
pictures\5.hdr,12,RGB,3115008,0.000051,0.000000,85.824055,0.000006,
pictures\5.hdr,4,sRGB,1038336,0.018082,0.000327,34.855220,0.761437,
pictures\5.hdr,6,sRGB,1557504,0.004285,0.000018,47.361847,0.006144,
pictures\5.hdr,8,sRGB,2076672,0.001065,0.000001,59.455066,0.000173,
pictures\5.hdr,10,sRGB,2595840,0.000273,0.000000,71.292034,0.000004,
pictures\5.hdr,12,sRGB,3115008,0.000068,0.000000,83.340689,0.000000,
pictures\5.hdr,4,XYZ,1038336,0.042188,0.001780,27.496119,10.107301,
pictures\5.hdr,6,XYZ,1557504,0.017566,0.000309,35.106296,1.723897,
pictures\5.hdr,8,XYZ,2076672,0.013867,0.000192,37.160557,2.379489,
pictures\5.hdr,10,XYZ,2595840,0.013605,0.000185,37.326116,0.903791,
pictures\5.hdr,12,XYZ,3115008,0.013590,0.000185,37.335546,0.877816,
pictures\5.hdr,4,YCC,1038336,0.069491,0.004829,23.161419,35.909146,
pictures\5.hdr,6,YCC,1557504,0.063833,0.004075,23.899085,6.104063,
pictures\5.hdr,8,YCC,2076672,0.063439,0.004025,23.952853,6.138698,
pictures\5.hdr,10,YCC,2595840,0.063428,0.004023,23.954420,6.151901,
pictures\5.hdr,12,YCC,3115008,0.063422,0.004022,23.955180,6.155492,
pictures\5.hdr,4,YPbPr,1038336,0.038741,0.001501,28.236641,43.039077,
pictures\5.hdr,6,YPbPr,1557504,0.008563,0.000073,41.347120,0.974927,
pictures\5.hdr,8,YPbPr,2076672,0.002120,0.000004,53.471471,0.028334,
pictures\5.hdr,10,YPbPr,2595840,0.000533,0.000000,65.466153,0.005536,
pictures\5.hdr,12,YPbPr,3115008,0.000136,0.000000,77.341139,0.000713,
pictures\5.hdr,4,YUV,1038336,0.035657,0.001271,28.957177,32.418357,
pictures\5.hdr,6,YUV,1557504,0.007798,0.000061,42.160634,0.807264,
pictures\5.hdr,8,YUV,2076672,0.001915,0.000004,54.357967,0.255135,
pictures\5.hdr,10,YUV,2595840,0.000479,0.000000,66.386698,0.221127,
pictures\5.hdr,12,YUV,3115008,0.000122,0.000000,78.303855,0.177180,
pictures\6.hdr,32,RGB(A),2236327,,,,,
pictures\6.hdr,4,CMYK,1384448,0.011738,0.000138,38.607929,8.302036,
pictures\6.hdr,6,CMYK,2076672,0.002797,0.000008,51.064856,0.017447,
pictures\6.hdr,8,CMYK,2768896,0.000692,0.000000,63.199311,0.000056,
pictures\6.hdr,10,CMYK,3461120,0.000176,0.000000,75.069222,0.002399,
pictures\6.hdr,12,CMYK,4153344,0.000044,0.000000,87.170632,0.000031,
pictures\6.hdr,4,YCbC,1038336,0.033171,0.001100,29.584741,156.247124,
pictures\6.hdr,6,YCbC,1557504,0.007382,0.000055,42.635938,63.192162,
pictures\6.hdr,8,YCbC,2076672,0.001829,0.000003,54.756567,2.730614,
pictures\6.hdr,10,YCbC,2595840,0.000464,0.000000,66.672120,1.032508,
pictures\6.hdr,12,YCbC,3115008,0.000119,0.000000,78.513925,0.006882,
pictures\6.hdr,4,HCL,1038336,0.012181,0.000148,38.286252,188.444270,
pictures\6.hdr,6,HCL,1557504,0.002937,0.000009,50.641458,1.445235,
pictures\6.hdr,8,HCL,2076672,0.000714,0.000001,62.926484,0.275358,
pictures\6.hdr,10,HCL,2595840,0.000177,0.000000,75.016932,0.000505,
pictures\6.hdr,12,HCL,3115008,0.000045,0.000000,86.962431,0.000095,
pictures\6.hdr,4,Lab,1038336,0.026375,0.000696,31.576007,106.251611,
pictures\6.hdr,6,Lab,1557504,0.005270,0.000028,45.563602,27.968719,
pictures\6.hdr,8,Lab,2076672,0.001261,0.000002,57.984588,3.041450,
pictures\6.hdr,10,Lab,2595840,0.000316,0.000000,69.995233,5.632056,
pictures\6.hdr,12,Lab,3115008,0.000079,0.000000,82.077551,3.101885,
pictures\6.hdr,4,Luv,1038336,0.020741,0.000430,33.663540,98.947080,
pictures\6.hdr,6,Luv,1557504,0.005322,0.000028,45.477905,9.119608,
pictures\6.hdr,8,Luv,2076672,0.001216,0.000001,58.302734,3.759192,
pictures\6.hdr,10,Luv,2595840,0.000380,0.000000,68.401737,2.698099,
pictures\6.hdr,12,Luv,3115008,0.000071,0.000000,82.918315,1.442804,
pictures\6.hdr,4,RGB,1038336,0.020590,0.000424,33.727083,51.415959,
pictures\6.hdr,6,RGB,1557504,0.004394,0.000019,47.142390,12.963431,
pictures\6.hdr,8,RGB,2076672,0.001072,0.000001,59.397872,0.401047,
pictures\6.hdr,10,RGB,2595840,0.000266,0.000000,71.516519,0.003258,
pictures\6.hdr,12,RGB,3115008,0.000050,0.000000,85.971917,0.002066,
pictures\6.hdr,4,sRGB,1038336,0.010904,0.000119,39.248396,6.716321,
pictures\6.hdr,6,sRGB,1557504,0.002588,0.000007,51.741103,0.116658,
pictures\6.hdr,8,sRGB,2076672,0.000642,0.000000,63.848129,0.022077,
pictures\6.hdr,10,sRGB,2595840,0.000164,0.000000,75.709586,0.001065,
pictures\6.hdr,12,sRGB,3115008,0.000041,0.000000,87.794554,0.000069,
pictures\6.hdr,4,XYZ,1038336,0.035148,0.001235,29.082109,101.557754,
pictures\6.hdr,6,XYZ,1557504,0.019993,0.000400,33.982242,77.237921,
pictures\6.hdr,8,XYZ,2076672,0.017661,0.000312,35.059793,23.935842,
pictures\6.hdr,10,XYZ,2595840,0.017445,0.000304,35.166644,17.540299,
pictures\6.hdr,12,XYZ,3115008,0.017435,0.000304,35.171655,15.534132,
pictures\6.hdr,4,YCC,1038336,0.037159,0.001381,28.598644,80.800353,
pictures\6.hdr,6,YCC,1557504,0.033513,0.001123,29.495629,18.884727,
pictures\6.hdr,8,YCC,2076672,0.033310,0.001110,29.548616,11.073053,
pictures\6.hdr,10,YCC,2595840,0.033293,0.001108,29.552982,11.468409,
pictures\6.hdr,12,YCC,3115008,0.033290,0.001108,29.553761,11.398748,
pictures\6.hdr,4,YPbPr,1038336,0.033171,0.001100,29.584741,156.247124,
pictures\6.hdr,6,YPbPr,1557504,0.007382,0.000055,42.635938,63.192162,
pictures\6.hdr,8,YPbPr,2076672,0.001829,0.000003,54.756567,2.730614,
pictures\6.hdr,10,YPbPr,2595840,0.000464,0.000000,66.672120,1.032508,
pictures\6.hdr,12,YPbPr,3115008,0.000119,0.000000,78.513925,0.006882,
pictures\6.hdr,4,YUV,1038336,0.026781,0.000717,31.443536,147.436475,
pictures\6.hdr,6,YUV,1557504,0.005532,0.000031,45.141915,51.863887,
pictures\6.hdr,8,YUV,2076672,0.001365,0.000002,57.300502,7.374597,
pictures\6.hdr,10,YUV,2595840,0.000357,0.000000,68.945846,8.160602,
pictures\6.hdr,12,YUV,3115008,0.000133,0.000000,77.550703,3.407182,
pictures\7.hdr,32,RGB(A),26916101,,,,,
pictures\7.hdr,4,CMYK,16588800,0.020663,0.000427,33.696242,0.092245,
pictures\7.hdr,6,CMYK,24883200,0.004956,0.000025,46.096624,0.081174,
pictures\7.hdr,8,CMYK,33177600,0.001236,0.000002,58.157155,0.000789,
pictures\7.hdr,10,CMYK,41472000,0.000314,0.000000,70.050036,0.000009,
pictures\7.hdr,12,CMYK,49766400,0.000078,0.000000,82.128943,0.000021,
pictures\7.hdr,4,YCbC,12441600,0.046387,0.002152,26.672167,9.165833,
pictures\7.hdr,6,YCbC,18662400,0.011331,0.000128,38.914715,2.069544,
pictures\7.hdr,8,YCbC,24883200,0.002774,0.000008,51.136920,1.936288,
pictures\7.hdr,10,YCbC,31104000,0.000719,0.000001,62.862899,1.891846,
pictures\7.hdr,12,YCbC,37324800,0.000185,0.000000,74.634821,1.877996,
pictures\7.hdr,4,HCL,12441600,0.026438,0.000699,31.555375,2.274808,
pictures\7.hdr,6,HCL,18662400,0.006183,0.000038,44.175321,0.024216,
pictures\7.hdr,8,HCL,24883200,0.001550,0.000002,56.192650,0.000787,
pictures\7.hdr,10,HCL,31104000,0.000382,0.000000,68.347821,0.000057,
pictures\7.hdr,12,HCL,37324800,0.000096,0.000000,80.334484,0.000003,
pictures\7.hdr,4,Lab,12441600,0.042210,0.001782,27.491631,15.042500,
pictures\7.hdr,6,Lab,18662400,0.010439,0.000109,39.626811,9.116800,
pictures\7.hdr,8,Lab,24883200,0.002559,0.000007,51.839630,9.121105,
pictures\7.hdr,10,Lab,31104000,0.000636,0.000000,63.934016,8.997144,
pictures\7.hdr,12,Lab,37324800,0.000156,0.000000,76.131384,8.881406,
pictures\7.hdr,4,Luv,12441600,0.034222,0.001171,29.313801,6.828242,
pictures\7.hdr,6,Luv,18662400,0.009666,0.000093,40.294755,2.627443,
pictures\7.hdr,8,Luv,24883200,0.002223,0.000005,53.061620,9.107859,
pictures\7.hdr,10,Luv,31104000,0.000647,0.000000,63.777920,2.420309,
pictures\7.hdr,12,Luv,37324800,0.000139,0.000000,77.166960,4.475140,
pictures\7.hdr,4,RGB,12441600,0.017406,0.000303,35.186176,5.932102,
pictures\7.hdr,6,RGB,18662400,0.003993,0.000016,47.972949,1.240437,
pictures\7.hdr,8,RGB,24883200,0.001050,0.000001,59.572380,0.053728,
pictures\7.hdr,10,RGB,31104000,0.000257,0.000000,71.814074,0.000126,
pictures\7.hdr,12,RGB,37324800,0.000053,0.000000,85.485341,0.000033,
pictures\7.hdr,4,sRGB,12441600,0.019099,0.000365,34.379877,0.478590,
pictures\7.hdr,6,sRGB,18662400,0.004583,0.000021,46.777747,0.001259,
pictures\7.hdr,8,sRGB,24883200,0.001135,0.000001,58.901497,0.000098,
pictures\7.hdr,10,sRGB,31104000,0.000292,0.000000,70.698616,0.000010,
pictures\7.hdr,12,sRGB,37324800,0.000073,0.000000,82.781520,0.000037,
pictures\7.hdr,4,XYZ,12441600,0.049268,0.002427,26.148617,3.173634,
pictures\7.hdr,6,XYZ,18662400,0.029245,0.000855,30.678998,3.171887,
pictures\7.hdr,8,XYZ,24883200,0.027471,0.000755,31.222410,2.001221,
pictures\7.hdr,10,XYZ,31104000,0.027339,0.000747,31.264398,1.835543,
pictures\7.hdr,12,XYZ,37324800,0.027336,0.000747,31.265272,1.880510,
pictures\7.hdr,4,YCC,12441600,0.103997,0.010815,19.659584,13.708313,
pictures\7.hdr,6,YCC,18662400,0.099470,0.009894,20.046114,13.554670,
pictures\7.hdr,8,YCC,24883200,0.099290,0.009859,20.061879,4.986646,
pictures\7.hdr,10,YCC,31104000,0.099277,0.009856,20.063034,4.988258,
pictures\7.hdr,12,YCC,37324800,0.099278,0.009856,20.062919,4.993936,
pictures\7.hdr,4,YPbPr,12441600,0.046387,0.002152,26.672167,9.165833,
pictures\7.hdr,6,YPbPr,18662400,0.011331,0.000128,38.914715,2.069544,
pictures\7.hdr,8,YPbPr,24883200,0.002774,0.000008,51.136920,1.936288,
pictures\7.hdr,10,YPbPr,31104000,0.000719,0.000001,62.862899,1.891846,
pictures\7.hdr,12,YPbPr,37324800,0.000185,0.000000,74.634821,1.877996,
pictures\7.hdr,4,YUV,12441600,0.039572,0.001566,28.052179,12.925465,
pictures\7.hdr,6,YUV,18662400,0.009664,0.000093,40.296896,9.152483,
pictures\7.hdr,8,YUV,24883200,0.002347,0.000006,52.589513,9.187170,
pictures\7.hdr,10,YUV,31104000,0.000598,0.000000,64.463921,9.042188,
pictures\7.hdr,12,YUV,37324800,0.000155,0.000000,76.187406,8.942100,
pictures\Apartment.hdr,32,RGB(A),5591117,,,,,
pictures\Apartment.hdr,4,CMYK,2795520,0.013178,0.000174,37.603084,2.408197,
pictures\Apartment.hdr,6,CMYK,4193280,0.003151,0.000010,50.031469,0.001814,
pictures\Apartment.hdr,8,CMYK,5591040,0.000789,0.000001,62.055583,0.000325,
pictures\Apartment.hdr,10,CMYK,6988800,0.000201,0.000000,73.924612,0.000029,
pictures\Apartment.hdr,12,CMYK,8386560,0.000049,0.000000,86.115885,0.000010,
pictures\Apartment.hdr,4,YCbC,2096640,0.042929,0.001843,27.344903,41.648354,
pictures\Apartment.hdr,6,YCbC,3144960,0.010248,0.000105,39.787329,4.514810,
pictures\Apartment.hdr,8,YCbC,4193280,0.002559,0.000007,51.839126,1.057320,
pictures\Apartment.hdr,10,YCbC,5241600,0.000650,0.000000,63.743701,1.290381,
pictures\Apartment.hdr,12,YCbC,6289920,0.000167,0.000000,75.552154,1.734780,
pictures\Apartment.hdr,4,HCL,2096640,0.014538,0.000211,36.749797,27.344138,
pictures\Apartment.hdr,6,HCL,3144960,0.003569,0.000013,48.949274,0.094980,
pictures\Apartment.hdr,8,HCL,4193280,0.000867,0.000001,61.244086,0.000255,
pictures\Apartment.hdr,10,HCL,5241600,0.000213,0.000000,73.414457,0.000062,
pictures\Apartment.hdr,12,HCL,6289920,0.000054,0.000000,85.393585,0.000010,
pictures\Apartment.hdr,4,Lab,2096640,0.028954,0.000838,30.765953,24.535307,
pictures\Apartment.hdr,6,Lab,3144960,0.006197,0.000038,44.156208,19.200023,
pictures\Apartment.hdr,8,Lab,4193280,0.001571,0.000002,56.078647,7.599568,
pictures\Apartment.hdr,10,Lab,5241600,0.000393,0.000000,68.120033,7.725489,
pictures\Apartment.hdr,12,Lab,6289920,0.000097,0.000000,80.260979,7.720567,
pictures\Apartment.hdr,4,Luv,2096640,0.024042,0.000578,32.380711,52.957868,
pictures\Apartment.hdr,6,Luv,3144960,0.006998,0.000049,43.100145,17.885844,
pictures\Apartment.hdr,8,Luv,4193280,0.001499,0.000002,56.482183,8.852368,
pictures\Apartment.hdr,10,Luv,5241600,0.000512,0.000000,65.820562,25.495036,
pictures\Apartment.hdr,12,Luv,6289920,0.000085,0.000000,81.394459,34.353108,
pictures\Apartment.hdr,4,RGB,2096640,0.015660,0.000245,36.104286,25.890321,
pictures\Apartment.hdr,6,RGB,3144960,0.003908,0.000015,48.160325,4.900570,
pictures\Apartment.hdr,8,RGB,4193280,0.001002,0.000001,59.985665,2.527324,
pictures\Apartment.hdr,10,RGB,5241600,0.000237,0.000000,72.506334,0.017206,
pictures\Apartment.hdr,12,RGB,6289920,0.000046,0.000000,86.757174,0.000176,
pictures\Apartment.hdr,4,sRGB,2096640,0.012184,0.000148,38.284450,1.195807,
pictures\Apartment.hdr,6,sRGB,3144960,0.002906,0.000008,50.735255,0.040792,
pictures\Apartment.hdr,8,sRGB,4193280,0.000725,0.000001,62.791459,0.001122,
pictures\Apartment.hdr,10,sRGB,5241600,0.000186,0.000000,74.592023,0.000064,
pictures\Apartment.hdr,12,sRGB,6289920,0.000046,0.000000,86.782373,0.000004,
pictures\Apartment.hdr,4,XYZ,2096640,0.039625,0.001570,28.040617,23.701500,
pictures\Apartment.hdr,6,XYZ,3144960,0.028379,0.000805,30.940101,11.845511,
pictures\Apartment.hdr,8,XYZ,4193280,0.026883,0.000723,31.410406,2.344161,
pictures\Apartment.hdr,10,XYZ,5241600,0.026778,0.000717,31.444594,1.063020,
pictures\Apartment.hdr,12,XYZ,6289920,0.026774,0.000717,31.445767,0.929187,
pictures\Apartment.hdr,4,YCC,2096640,0.046540,0.002166,26.643451,25.949654,
pictures\Apartment.hdr,6,YCC,3144960,0.041179,0.001696,27.706482,19.153913,
pictures\Apartment.hdr,8,YCC,4193280,0.040914,0.001674,27.762647,8.499315,
pictures\Apartment.hdr,10,YCC,5241600,0.040895,0.001672,27.766649,8.532730,
pictures\Apartment.hdr,12,YCC,6289920,0.040893,0.001672,27.766929,8.501383,
pictures\Apartment.hdr,4,YPbPr,2096640,0.042929,0.001843,27.344903,41.648354,
pictures\Apartment.hdr,6,YPbPr,3144960,0.010248,0.000105,39.787329,4.514810,
pictures\Apartment.hdr,8,YPbPr,4193280,0.002559,0.000007,51.839126,1.057320,
pictures\Apartment.hdr,10,YPbPr,5241600,0.000650,0.000000,63.743701,1.290381,
pictures\Apartment.hdr,12,YPbPr,6289920,0.000167,0.000000,75.552154,1.734780,
pictures\Apartment.hdr,4,YUV,2096640,0.031011,0.000962,30.169564,38.033203,
pictures\Apartment.hdr,6,YUV,3144960,0.007020,0.000049,43.073848,14.834805,
pictures\Apartment.hdr,8,YUV,4193280,0.001751,0.000003,55.136022,7.806108,
pictures\Apartment.hdr,10,YUV,5241600,0.000442,0.000000,67.101026,7.815959,
pictures\Apartment.hdr,12,YUV,6289920,0.000111,0.000000,79.095067,7.737150,
pictures\Atrium.hdr,32,RGB(A),3088716,,,,,
pictures\Atrium.hdr,4,CMYK,1544320,0.011901,0.000142,38.488551,0.835797,
pictures\Atrium.hdr,6,CMYK,2316480,0.002823,0.000008,50.987198,0.003150,
pictures\Atrium.hdr,8,CMYK,3088640,0.000705,0.000000,63.038380,0.000114,
pictures\Atrium.hdr,10,CMYK,3860800,0.000180,0.000000,74.914019,0.000065,
pictures\Atrium.hdr,12,CMYK,4632960,0.000045,0.000000,86.855334,0.000003,
pictures\Atrium.hdr,4,YCbC,1158240,0.022215,0.000493,33.067137,66.430319,
pictures\Atrium.hdr,6,YCbC,1737360,0.004916,0.000024,46.168040,1.350608,
pictures\Atrium.hdr,8,YCbC,2316480,0.001229,0.000002,58.211385,0.003519,
pictures\Atrium.hdr,10,YCbC,2895600,0.000308,0.000000,70.238004,0.001286,
pictures\Atrium.hdr,12,YCbC,3474720,0.000078,0.000000,82.114976,0.001642,
pictures\Atrium.hdr,4,HCL,1158240,0.013058,0.000171,37.682693,18.257050,
pictures\Atrium.hdr,6,HCL,1737360,0.003088,0.000010,50.205231,0.006070,
pictures\Atrium.hdr,8,HCL,2316480,0.000762,0.000001,62.364714,0.000051,
pictures\Atrium.hdr,10,HCL,2895600,0.000188,0.000000,74.534160,0.000008,
pictures\Atrium.hdr,12,HCL,3474720,0.000047,0.000000,86.486046,0.000002,
pictures\Atrium.hdr,4,Lab,1158240,0.022360,0.000500,33.010552,20.143709,
pictures\Atrium.hdr,6,Lab,1737360,0.004954,0.000025,46.101597,1.771842,
pictures\Atrium.hdr,8,Lab,2316480,0.001209,0.000001,58.350894,0.190843,
pictures\Atrium.hdr,10,Lab,2895600,0.000301,0.000000,70.436236,0.172886,
pictures\Atrium.hdr,12,Lab,3474720,0.000076,0.000000,82.419884,0.158041,
pictures\Atrium.hdr,4,Luv,1158240,0.020746,0.000430,33.661130,55.549584,
pictures\Atrium.hdr,6,Luv,1737360,0.004718,0.000022,46.525537,2.888138,
pictures\Atrium.hdr,8,Luv,2316480,0.001162,0.000001,58.694823,0.224915,
pictures\Atrium.hdr,10,Luv,2895600,0.000298,0.000000,70.512590,0.023643,
pictures\Atrium.hdr,12,Luv,3474720,0.000072,0.000000,82.801542,0.054418,
pictures\Atrium.hdr,4,RGB,1158240,0.018843,0.000355,34.497054,31.938623,
pictures\Atrium.hdr,6,RGB,1737360,0.004557,0.000021,46.826808,6.969876,
pictures\Atrium.hdr,8,RGB,2316480,0.001116,0.000001,59.047946,0.012919,
pictures\Atrium.hdr,10,RGB,2895600,0.000264,0.000000,71.573054,0.001833,
pictures\Atrium.hdr,12,RGB,3474720,0.000042,0.000000,87.507818,0.000645,
pictures\Atrium.hdr,4,sRGB,1158240,0.011470,0.000132,38.809097,1.948406,
pictures\Atrium.hdr,6,sRGB,1737360,0.002727,0.000007,51.285575,0.004264,
pictures\Atrium.hdr,8,sRGB,2316480,0.000685,0.000000,63.291209,0.000466,
pictures\Atrium.hdr,10,sRGB,2895600,0.000174,0.000000,75.203216,0.000184,
pictures\Atrium.hdr,12,sRGB,3474720,0.000044,0.000000,87.143630,0.000004,
pictures\Atrium.hdr,4,XYZ,1158240,0.031554,0.000996,30.019017,36.121796,
pictures\Atrium.hdr,6,XYZ,1737360,0.012539,0.000157,38.034997,8.742765,
pictures\Atrium.hdr,8,XYZ,2316480,0.006094,0.000037,44.302494,0.815827,
pictures\Atrium.hdr,10,XYZ,2895600,0.005459,0.000030,45.257488,0.243339,
pictures\Atrium.hdr,12,XYZ,3474720,0.005417,0.000029,45.324377,0.216666,
pictures\Atrium.hdr,4,YCC,1158240,0.035536,0.001263,28.986727,15.129306,
pictures\Atrium.hdr,6,YCC,1737360,0.029983,0.000899,30.462460,7.980981,
pictures\Atrium.hdr,8,YCC,2316480,0.029550,0.000873,30.588888,7.744705,
pictures\Atrium.hdr,10,YCC,2895600,0.029524,0.000872,30.596469,7.743256,
pictures\Atrium.hdr,12,YCC,3474720,0.029522,0.000872,30.597119,7.738704,
pictures\Atrium.hdr,4,YPbPr,1158240,0.022215,0.000493,33.067137,66.430319,
pictures\Atrium.hdr,6,YPbPr,1737360,0.004916,0.000024,46.168040,1.350608,
pictures\Atrium.hdr,8,YPbPr,2316480,0.001229,0.000002,58.211385,0.003519,
pictures\Atrium.hdr,10,YPbPr,2895600,0.000308,0.000000,70.238004,0.001286,
pictures\Atrium.hdr,12,YPbPr,3474720,0.000078,0.000000,82.114976,0.001642,
pictures\Atrium.hdr,4,YUV,1158240,0.020954,0.000439,33.574464,67.414978,
pictures\Atrium.hdr,6,YUV,1737360,0.004709,0.000022,46.541350,1.920809,
pictures\Atrium.hdr,8,YUV,2316480,0.001171,0.000001,58.628583,0.187160,
pictures\Atrium.hdr,10,YUV,2895600,0.000292,0.000000,70.697619,0.177519,
pictures\Atrium.hdr,12,YUV,3474720,0.000074,0.000000,82.581574,0.170300,
pictures\Belgium.hdr,32,RGB(A),3152976,,,,,
pictures\Belgium.hdr,4,CMYK,1576448,0.015677,0.000246,36.094548,0.204713,
pictures\Belgium.hdr,6,CMYK,2364672,0.003737,0.000014,48.550310,0.000350,
pictures\Belgium.hdr,8,CMYK,3152900,0.000929,0.000001,60.640890,0.001921,
pictures\Belgium.hdr,10,CMYK,3941124,0.000238,0.000000,72.484148,0.000393,
pictures\Belgium.hdr,12,CMYK,4729348,0.000058,0.000000,84.669802,0.000005,
pictures\Belgium.hdr,4,YCbC,1182337,0.030950,0.000958,30.186903,18.628385,
pictures\Belgium.hdr,6,YCbC,1773506,0.008003,0.000064,41.934712,0.932837,
pictures\Belgium.hdr,8,YCbC,2364675,0.001986,0.000004,54.039959,0.107298,
pictures\Belgium.hdr,10,YCbC,2955843,0.000500,0.000000,66.016293,0.092310,
pictures\Belgium.hdr,12,YCbC,3547012,0.000129,0.000000,77.810163,0.115510,
pictures\Belgium.hdr,4,HCL,1182337,0.017873,0.000319,34.956171,2.524532,
pictures\Belgium.hdr,6,HCL,1773506,0.005019,0.000025,45.988032,0.458604,
pictures\Belgium.hdr,8,HCL,2364675,0.001136,0.000001,58.894766,0.000203,
pictures\Belgium.hdr,10,HCL,2955843,0.000254,0.000000,71.904865,0.000038,
pictures\Belgium.hdr,12,HCL,3547012,0.000064,0.000000,83.865548,0.000004,
pictures\Belgium.hdr,4,Lab,1182337,0.028774,0.000828,30.819851,25.346159,
pictures\Belgium.hdr,6,Lab,1773506,0.006830,0.000047,43.311459,11.199928,
pictures\Belgium.hdr,8,Lab,2364675,0.001708,0.000003,55.347944,5.848091,
pictures\Belgium.hdr,10,Lab,2955843,0.000423,0.000000,67.481905,5.088450,
pictures\Belgium.hdr,12,Lab,3547012,0.000106,0.000000,79.505356,4.505807,
pictures\Belgium.hdr,4,Luv,1182337,0.022595,0.000511,32.919798,59.092261,
pictures\Belgium.hdr,6,Luv,1773506,0.006485,0.000042,43.762178,0.840218,
pictures\Belgium.hdr,8,Luv,2364675,0.001553,0.000002,56.175184,5.851894,
pictures\Belgium.hdr,10,Luv,2955843,0.000440,0.000000,67.133305,1.618374,
pictures\Belgium.hdr,12,Luv,3547012,0.000095,0.000000,80.438744,9.506178,
pictures\Belgium.hdr,4,RGB,1182337,0.017378,0.000302,35.200217,9.174244,
pictures\Belgium.hdr,6,RGB,1773506,0.004394,0.000019,47.143273,0.859779,
pictures\Belgium.hdr,8,RGB,2364675,0.001093,0.000001,59.225235,0.031315,
pictures\Belgium.hdr,10,RGB,2955843,0.000246,0.000000,72.179686,0.005626,
pictures\Belgium.hdr,12,RGB,3547012,0.000047,0.000000,86.598308,0.000545,
pictures\Belgium.hdr,4,sRGB,1182337,0.014697,0.000216,36.655534,0.940425,
pictures\Belgium.hdr,6,sRGB,1773506,0.003502,0.000012,49.114797,0.001465,
pictures\Belgium.hdr,8,sRGB,2364675,0.000871,0.000001,61.198657,0.009723,
pictures\Belgium.hdr,10,sRGB,2955843,0.000223,0.000000,73.042042,0.000604,
pictures\Belgium.hdr,12,sRGB,3547012,0.000055,0.000000,85.191400,0.000006,
pictures\Belgium.hdr,4,XYZ,1182337,0.033852,0.001146,29.408276,6.634779,
pictures\Belgium.hdr,6,XYZ,1773506,0.018226,0.000332,34.785996,1.094923,
pictures\Belgium.hdr,8,XYZ,2364675,0.015746,0.000248,36.056832,0.591014,
pictures\Belgium.hdr,10,XYZ,2955843,0.015523,0.000241,36.180690,0.620110,
pictures\Belgium.hdr,12,XYZ,3547012,0.015511,0.000241,36.187405,0.619387,
pictures\Belgium.hdr,4,YCC,1182337,0.056457,0.003187,24.965667,27.623248,
pictures\Belgium.hdr,6,YCC,1773506,0.048937,0.002395,26.207201,18.414477,
pictures\Belgium.hdr,8,YCC,2364675,0.048596,0.002362,26.268061,11.867910,
pictures\Belgium.hdr,10,YCC,2955843,0.048573,0.002359,26.272102,11.922157,
pictures\Belgium.hdr,12,YCC,3547012,0.048573,0.002359,26.272101,11.925400,
pictures\Belgium.hdr,4,YPbPr,1182337,0.030950,0.000958,30.186903,18.628385,
pictures\Belgium.hdr,6,YPbPr,1773506,0.008003,0.000064,41.934712,0.932837,
pictures\Belgium.hdr,8,YPbPr,2364675,0.001986,0.000004,54.039959,0.107298,
pictures\Belgium.hdr,10,YPbPr,2955843,0.000500,0.000000,66.016293,0.092310,
pictures\Belgium.hdr,12,YPbPr,3547012,0.000129,0.000000,77.810163,0.115510,
pictures\Belgium.hdr,4,YUV,1182337,0.025826,0.000667,31.758989,25.627773,
pictures\Belgium.hdr,6,YUV,1773506,0.006634,0.000044,43.564801,14.001274,
pictures\Belgium.hdr,8,YUV,2364675,0.001647,0.000003,55.665491,6.317537,
pictures\Belgium.hdr,10,YUV,2955843,0.000416,0.000000,67.621714,5.387306,
pictures\Belgium.hdr,12,YUV,3547012,0.000107,0.000000,79.452357,4.749789,
pictures\BigFog.hdr,32,RGB(A),3244396,,,,,
pictures\BigFog.hdr,4,CMYK,1622160,0.012405,0.000154,38.128337,0.265581,
pictures\BigFog.hdr,6,CMYK,2433240,0.002991,0.000009,50.484488,0.000704,
pictures\BigFog.hdr,8,CMYK,3244320,0.000734,0.000001,62.689395,0.000004,
pictures\BigFog.hdr,10,CMYK,4055400,0.000189,0.000000,74.475481,0.000003,
pictures\BigFog.hdr,12,CMYK,4866480,0.000047,0.000000,86.473202,0.000012,
pictures\BigFog.hdr,4,YCbC,1216620,0.017977,0.000323,34.905751,47.420761,
pictures\BigFog.hdr,6,YCbC,1824930,0.005129,0.000026,45.799321,0.062382,
pictures\BigFog.hdr,8,YCbC,2433240,0.001257,0.000002,58.011671,0.025193,
pictures\BigFog.hdr,10,YCbC,3041550,0.000315,0.000000,70.047072,0.036020,
pictures\BigFog.hdr,12,YCbC,3649860,0.000082,0.000000,81.677247,0.036651,
pictures\BigFog.hdr,4,HCL,1216620,0.014105,0.000199,37.012562,8.944785,
pictures\BigFog.hdr,6,HCL,1824930,0.003337,0.000011,49.531847,0.000380,
pictures\BigFog.hdr,8,HCL,2433240,0.000826,0.000001,61.662033,0.000157,
pictures\BigFog.hdr,10,HCL,3041550,0.000205,0.000000,73.771552,0.000008,
pictures\BigFog.hdr,12,HCL,3649860,0.000052,0.000000,85.647804,0.000009,
pictures\BigFog.hdr,4,Lab,1216620,0.024757,0.000613,32.126033,52.111775,
pictures\BigFog.hdr,6,Lab,1824930,0.005165,0.000027,45.739416,6.324523,
pictures\BigFog.hdr,8,Lab,2433240,0.001286,0.000002,57.813892,1.601569,
pictures\BigFog.hdr,10,Lab,3041550,0.000320,0.000000,69.891194,1.517541,
pictures\BigFog.hdr,12,Lab,3649860,0.000081,0.000000,81.861528,1.932424,
pictures\BigFog.hdr,4,Luv,1216620,0.016407,0.000269,35.699331,9.223611,
pictures\BigFog.hdr,6,Luv,1824930,0.004982,0.000025,46.052523,5.949408,
pictures\BigFog.hdr,8,Luv,2433240,0.001217,0.000001,58.293557,1.399105,
pictures\BigFog.hdr,10,Luv,3041550,0.000311,0.000000,70.153524,0.263832,
pictures\BigFog.hdr,12,Luv,3649860,0.000077,0.000000,82.322265,0.477918,
pictures\BigFog.hdr,4,RGB,1216620,0.019405,0.000377,34.241737,36.921583,
pictures\BigFog.hdr,6,RGB,1824930,0.004636,0.000021,46.678046,9.116278,
pictures\BigFog.hdr,8,RGB,2433240,0.001129,0.000001,58.943470,0.297057,
pictures\BigFog.hdr,10,RGB,3041550,0.000271,0.000000,71.328420,0.000634,
pictures\BigFog.hdr,12,RGB,3649860,0.000054,0.000000,85.361816,0.000353,
pictures\BigFog.hdr,4,sRGB,1216620,0.012048,0.000145,38.381420,9.628033,
pictures\BigFog.hdr,6,sRGB,1824930,0.002875,0.000008,50.826502,0.023494,
pictures\BigFog.hdr,8,sRGB,2433240,0.000717,0.000001,62.894129,0.000579,
pictures\BigFog.hdr,10,sRGB,3041550,0.000182,0.000000,74.814708,0.000140,
pictures\BigFog.hdr,12,sRGB,3649860,0.000046,0.000000,86.750996,0.000003,
pictures\BigFog.hdr,4,XYZ,1216620,0.033257,0.001106,29.562418,35.475444,
pictures\BigFog.hdr,6,XYZ,1824930,0.010978,0.000121,39.189905,6.990554,
pictures\BigFog.hdr,8,XYZ,2433240,0.005257,0.000028,45.585729,3.673169,
pictures\BigFog.hdr,10,XYZ,3041550,0.004560,0.000021,46.820573,0.085981,
pictures\BigFog.hdr,12,XYZ,3649860,0.004509,0.000020,46.917511,0.054699,
pictures\BigFog.hdr,4,YCC,1216620,0.047400,0.002247,26.484390,6.065932,
pictures\BigFog.hdr,6,YCC,1824930,0.039143,0.001532,28.146853,11.806608,
pictures\BigFog.hdr,8,YCC,2433240,0.038805,0.001506,28.222238,9.125552,
pictures\BigFog.hdr,10,YCC,3041550,0.038781,0.001504,28.227573,9.118773,
pictures\BigFog.hdr,12,YCC,3649860,0.038781,0.001504,28.227601,9.115541,
pictures\BigFog.hdr,4,YPbPr,1216620,0.017977,0.000323,34.905751,47.420761,
pictures\BigFog.hdr,6,YPbPr,1824930,0.005129,0.000026,45.799321,0.062382,
pictures\BigFog.hdr,8,YPbPr,2433240,0.001257,0.000002,58.011671,0.025193,
pictures\BigFog.hdr,10,YPbPr,3041550,0.000315,0.000000,70.047072,0.036020,
pictures\BigFog.hdr,12,YPbPr,3649860,0.000082,0.000000,81.677247,0.036651,
pictures\BigFog.hdr,4,YUV,1216620,0.016130,0.000260,35.847135,59.667104,
pictures\BigFog.hdr,6,YUV,1824930,0.004780,0.000023,46.411467,1.092646,
pictures\BigFog.hdr,8,YUV,2433240,0.001196,0.000001,58.443469,1.671611,
pictures\BigFog.hdr,10,YUV,3041550,0.000299,0.000000,70.490365,1.476632,
pictures\BigFog.hdr,12,YUV,3649860,0.000079,0.000000,82.032661,1.600086,
pictures\Forest.hdr,32,RGB(A),5591117,,,,,
pictures\Forest.hdr,4,CMYK,2795520,0.024647,0.000607,32.164766,0.002998,
pictures\Forest.hdr,6,CMYK,4193280,0.005847,0.000034,44.661475,0.000037,
pictures\Forest.hdr,8,CMYK,5591040,0.001457,0.000002,56.733319,0.000006,
pictures\Forest.hdr,10,CMYK,6988800,0.000375,0.000000,68.509203,0.000001,
pictures\Forest.hdr,12,CMYK,8386560,0.000092,0.000000,80.769271,0.000000,
pictures\Forest.hdr,4,YCbC,2096640,0.062589,0.003917,24.069997,15.509973,
pictures\Forest.hdr,6,YCbC,3144960,0.015230,0.000232,36.346153,3.177680,
pictures\Forest.hdr,8,YCbC,4193280,0.003793,0.000014,48.419672,8.739327,
pictures\Forest.hdr,10,YCbC,5241600,0.000962,0.000001,60.335295,11.718235,
pictures\Forest.hdr,12,YCbC,6289920,0.000248,0.000000,72.108132,4.049782,
pictures\Forest.hdr,4,HCL,2096640,0.025740,0.000663,31.787755,0.007185,
pictures\Forest.hdr,6,HCL,3144960,0.006261,0.000039,44.066648,0.000400,
pictures\Forest.hdr,8,HCL,4193280,0.001555,0.000002,56.167286,0.000047,
pictures\Forest.hdr,10,HCL,5241600,0.000386,0.000000,68.259578,0.000002,
pictures\Forest.hdr,12,HCL,6289920,0.000097,0.000000,80.221268,0.000000,
pictures\Forest.hdr,4,Lab,2096640,0.046403,0.002153,26.669159,20.565001,
pictures\Forest.hdr,6,Lab,3144960,0.011256,0.000127,38.972498,16.393891,
pictures\Forest.hdr,8,Lab,4193280,0.002792,0.000008,51.080170,15.508737,
pictures\Forest.hdr,10,Lab,5241600,0.000694,0.000000,63.174999,15.275374,
pictures\Forest.hdr,12,Lab,6289920,0.000173,0.000000,75.243823,15.103653,
pictures\Forest.hdr,4,Luv,2096640,0.039934,0.001595,27.973103,18.998992,
pictures\Forest.hdr,6,Luv,3144960,0.011191,0.000125,39.022373,5.204623,
pictures\Forest.hdr,8,Luv,4193280,0.002547,0.000006,51.880354,15.529540,
pictures\Forest.hdr,10,Luv,5241600,0.000799,0.000001,61.950310,15.004757,
pictures\Forest.hdr,12,Luv,6289920,0.000150,0.000000,76.480365,17.836185,
pictures\Forest.hdr,4,RGB,2096640,0.014037,0.000197,37.054327,0.000673,
pictures\Forest.hdr,6,RGB,3144960,0.003340,0.000011,49.526062,0.000074,
pictures\Forest.hdr,8,RGB,4193280,0.000949,0.000001,60.455049,0.000165,
pictures\Forest.hdr,10,RGB,5241600,0.000252,0.000000,71.963635,0.000020,
pictures\Forest.hdr,12,RGB,6289920,0.000060,0.000000,84.443069,0.000001,
pictures\Forest.hdr,4,sRGB,2096640,0.021842,0.000477,33.214135,0.001962,
pictures\Forest.hdr,6,sRGB,3144960,0.005206,0.000027,45.669990,0.000162,
pictures\Forest.hdr,8,sRGB,4193280,0.001300,0.000002,57.723128,0.000033,
pictures\Forest.hdr,10,sRGB,5241600,0.000335,0.000000,69.498439,0.000014,
pictures\Forest.hdr,12,sRGB,6289920,0.000082,0.000000,81.760040,0.000000,
pictures\Forest.hdr,4,XYZ,2096640,0.051733,0.002676,25.724721,15.178493,
pictures\Forest.hdr,6,XYZ,3144960,0.037648,0.001417,28.485190,16.409992,
pictures\Forest.hdr,8,XYZ,4193280,0.036786,0.001353,28.686353,22.317236,
pictures\Forest.hdr,10,XYZ,5241600,0.036718,0.001348,28.702340,21.362495,
pictures\Forest.hdr,12,XYZ,6289920,0.036719,0.001348,28.702213,21.828440,
pictures\Forest.hdr,4,YCC,2096640,0.089223,0.007961,20.990450,17.934160,
pictures\Forest.hdr,6,YCC,3144960,0.081652,0.006667,21.760636,24.917120,
pictures\Forest.hdr,8,YCC,4193280,0.081274,0.006605,21.800991,9.518578,
pictures\Forest.hdr,10,YCC,5241600,0.081244,0.006601,21.804209,9.559780,
pictures\Forest.hdr,12,YCC,6289920,0.081242,0.006600,21.804340,9.569034,
pictures\Forest.hdr,4,YPbPr,2096640,0.062589,0.003917,24.069997,15.509973,
pictures\Forest.hdr,6,YPbPr,3144960,0.015230,0.000232,36.346153,3.177680,
pictures\Forest.hdr,8,YPbPr,4193280,0.003793,0.000014,48.419672,8.739327,
pictures\Forest.hdr,10,YPbPr,5241600,0.000962,0.000001,60.335295,11.718235,
pictures\Forest.hdr,12,YPbPr,6289920,0.000248,0.000000,72.108132,4.049782,
pictures\Forest.hdr,4,YUV,2096640,0.046425,0.002155,26.665016,23.903807,
pictures\Forest.hdr,6,YUV,3144960,0.011242,0.000126,38.982929,16.791927,
pictures\Forest.hdr,8,YUV,4193280,0.002784,0.000008,51.107307,15.647104,
pictures\Forest.hdr,10,YUV,5241600,0.000705,0.000000,63.037107,15.385718,
pictures\Forest.hdr,12,YUV,6289920,0.000187,0.000000,74.563521,15.178685,
