Image;Depth;ColorSpace;Size;RGBFuzzErrorMetric;RGBMeanSquareErrorMetric;RGBPeakSignalToRatioErrorMetric;RGBPerceptualErrorMetric;LABFuzzErrorMetric;LABMeanSquareErrorMetric;LABPeakSignalToRatioErrorMetric;LABPerceptualErrorMetric;
1.hdr;32;RGB(A);10194519;;;;;;;;;
1.hdr;4;CMYK;6291456;0.017679;0.000313;35.050813;0.389627;0.012134;0.000147;38.319593;0.996572;
1.hdr;6;CMYK;9437184;0.018020;0.000325;34.884778;0.490857;0.012212;0.000149;38.263931;0.315741;
1.hdr;8;CMYK;12582912;0.018215;0.000332;34.791405;1.156476;0.012316;0.000152;38.190297;0.624596;
1.hdr;10;CMYK;15728640;0.018269;0.000334;34.765628;1.698576;0.012347;0.000152;38.168874;0.820238;
1.hdr;4;YCbC;4718592;0.036223;0.001312;28.820231;53.595712;0.022173;0.000492;33.083605;33.191434;
1.hdr;6;YCbC;7077888;0.040034;0.001603;27.951365;44.818958;0.024587;0.000605;32.185854;38.961506;
1.hdr;8;YCbC;9437184;0.041349;0.001710;27.670654;48.623091;0.025284;0.000639;31.943102;41.510095;
1.hdr;10;YCbC;11796480;0.041684;0.001738;27.600670;49.535588;0.025457;0.000648;31.883962;41.481769;
1.hdr;4;HCL;4718592;0.041735;0.001742;27.589948;45.325671;0.025929;0.000672;31.724131;39.335263;
1.hdr;6;HCL;7077888;0.040798;0.001664;27.787180;39.013834;0.025294;0.000640;31.939726;32.491134;
1.hdr;8;HCL;9437184;0.040811;0.001666;27.784371;38.950172;0.025198;0.000635;31.972615;32.000038;
1.hdr;10;HCL;11796480;0.040815;0.001666;27.783647;38.861775;0.025177;0.000634;31.979772;31.901629;
1.hdr;4;Lab;4718592;0.054199;0.002937;25.320249;50.248186;0.031287;0.000979;30.092634;37.650404;
1.hdr;6;Lab;7077888;0.060716;0.003686;24.333958;51.840468;0.034312;0.001177;29.291133;51.022031;
1.hdr;8;Lab;9437184;0.062587;0.003917;24.070261;52.268115;0.035116;0.001233;29.089885;49.930538;
1.hdr;10;Lab;11796480;0.063054;0.003976;24.005797;52.364288;0.035318;0.001247;29.040148;50.104836;
1.hdr;4;Luv;4718592;0.079208;0.006274;22.024662;22.817344;0.040331;0.001627;27.887248;19.114721;
1.hdr;6;Luv;7077888;0.076174;0.005802;22.363904;18.299862;0.039817;0.001585;27.998732;16.847257;
1.hdr;8;Luv;9437184;0.075942;0.005767;22.390320;18.790389;0.039775;0.001582;28.007883;18.778900;
1.hdr;10;Luv;11796480;0.075839;0.005751;22.402196;18.256085;0.039768;0.001582;28.009264;19.824766;
1.hdr;4;RGB;4718592;0.080009;0.006401;21.937210;20.302134;0.062428;0.003897;24.092360;25.009346;
1.hdr;6;RGB;7077888;0.079620;0.006339;21.979528;20.232242;0.062192;0.003868;24.125296;24.096249;
1.hdr;8;RGB;9437184;0.079559;0.006330;21.986248;20.237288;0.062166;0.003865;24.128917;23.956074;
1.hdr;10;RGB;11796480;0.079545;0.006327;21.987703;20.240647;0.062161;0.003864;24.129697;23.924845;
1.hdr;4;sRGB;4718592;0.085161;0.007252;21.395212;37.330503;0.063563;0.004040;23.935845;38.125571;
1.hdr;6;sRGB;7077888;0.084198;0.007089;21.493961;35.221987;0.063391;0.004018;23.959384;36.760851;
1.hdr;8;sRGB;9437184;0.083997;0.007055;21.514764;34.795562;0.063368;0.004016;23.962541;44.754428;
1.hdr;10;sRGB;11796480;0.083949;0.007047;21.519656;34.699086;0.063367;0.004015;23.962784;36.513937;
1.hdr;4;XYZ;4718592;0.107336;0.011521;19.385052;82.948006;0.078994;0.006240;22.048072;57.461822;
1.hdr;6;XYZ;7077888;0.105978;0.011231;19.495674;38.519761;0.075191;0.005654;22.476736;29.773605;
1.hdr;8;XYZ;9437184;0.105736;0.011180;19.515556;37.567656;0.075073;0.005636;22.490277;35.740781;
1.hdr;10;XYZ;11796480;0.105686;0.011169;19.519683;37.240986;0.075047;0.005632;22.493332;29.489774;
1.hdr;4;YCC;4718592;0.197481;0.038999;14.089489;59.181154;0.098476;0.009698;20.133387;52.441206;
1.hdr;6;YCC;7077888;0.256215;0.065646;11.827912;80.280558;0.121118;0.014670;18.335793;69.466367;
1.hdr;8;YCC;9437184;0.293416;0.086093;10.650331;90.871340;0.143145;0.020490;16.884477;76.673556;
1.hdr;10;YCC;11796480;0.329293;0.108434;9.648349;115.029305;0.170966;0.029229;15.341789;103.321923;
1.hdr;4;YPbPr;4718592;0.324827;0.105512;9.766963;124.432654;0.169080;0.028588;15.438180;108.300662;
1.hdr;6;YPbPr;7077888;0.323577;0.104702;9.800438;123.790054;0.168326;0.028334;15.476986;111.771489;
1.hdr;8;YPbPr;9437184;0.322700;0.104135;9.824018;127.202121;0.167951;0.028207;15.496359;106.280370;
1.hdr;10;YPbPr;11796480;0.322456;0.103978;9.830604;126.714482;0.167899;0.028190;15.499046;106.136557;
1.hdr;4;YUV;4718592;0.322099;0.103748;9.840218;140.158523;0.167144;0.027937;15.538182;92.449843;
1.hdr;6;YUV;7077888;0.319959;0.102374;9.898105;120.160029;0.166343;0.027670;15.579929;93.691411;
1.hdr;8;YUV;9437184;0.320651;0.102817;9.879349;120.097434;0.166294;0.027654;15.582484;105.932351;
1.hdr;10;YUV;11796480;0.320754;0.102883;9.876561;120.717948;0.166255;0.027641;15.584485;93.516525;
2.hdr;32;RGB(A);10462913;;;;;;;;;
2.hdr;4;CMYK;6291456;0.019960;0.000398;33.996787;0.098493;0.012184;0.000148;38.284281;0.360253;
2.hdr;6;CMYK;9437184;0.020703;0.000429;33.679494;0.156761;0.012520;0.000157;38.047957;0.144883;
2.hdr;8;CMYK;12582912;0.021037;0.000443;33.540141;0.170000;0.012706;0.000161;37.919803;0.077152;
2.hdr;10;CMYK;15728640;0.021128;0.000446;33.502672;0.173868;0.012757;0.000163;37.885234;0.092766;
2.hdr;4;YCbC;4718592;0.039241;0.001540;28.125273;13.506534;0.022486;0.000506;32.961687;7.391887;
2.hdr;6;YCbC;7077888;0.041080;0.001688;27.727372;11.063099;0.023414;0.000548;32.610418;11.878625;
2.hdr;8;YCbC;9437184;0.042004;0.001764;27.534260;15.828224;0.023783;0.000566;32.474750;13.635825;
2.hdr;10;YCbC;11796480;0.042246;0.001785;27.484283;19.208800;0.023877;0.000570;32.440554;13.978548;
2.hdr;4;HCL;4718592;0.042193;0.001780;27.495253;11.987912;0.024771;0.000614;32.121091;16.113645;
2.hdr;6;HCL;7077888;0.042272;0.001787;27.478944;16.555230;0.024887;0.000619;32.080589;14.102281;
2.hdr;8;HCL;9437184;0.042570;0.001812;27.417849;15.435889;0.024994;0.000625;32.043180;13.823093;
2.hdr;10;HCL;11796480;0.042642;0.001818;27.403232;15.643401;0.025037;0.000627;32.028372;18.171437;
2.hdr;4;Lab;4718592;0.055658;0.003098;25.089434;26.052246;0.032841;0.001079;29.671683;33.378176;
2.hdr;6;Lab;7077888;0.061418;0.003772;24.234105;38.584714;0.035349;0.001250;29.032521;45.019986;
2.hdr;8;Lab;9437184;0.063154;0.003988;23.991965;42.206085;0.036038;0.001299;28.864728;47.059624;
2.hdr;10;Lab;11796480;0.063585;0.004043;23.932941;43.146697;0.036212;0.001311;28.822885;47.520993;
2.hdr;4;Luv;4718592;0.077160;0.005954;22.252192;10.598119;0.038160;0.001456;28.367823;11.545872;
2.hdr;6;Luv;7077888;0.074223;0.005509;22.589246;6.440162;0.037616;0.001415;28.492516;9.045393;
2.hdr;8;Luv;9437184;0.074105;0.005492;22.603018;6.449850;0.037574;0.001412;28.502281;8.889883;
2.hdr;10;Luv;11796480;0.074023;0.005479;22.612692;6.422650;0.037567;0.001411;28.503817;8.847235;
2.hdr;4;RGB;4718592;0.079033;0.006246;22.043779;27.189570;0.050640;0.002564;25.910053;30.612973;
2.hdr;6;RGB;7077888;0.079099;0.006257;22.036567;37.008918;0.051100;0.002611;25.831615;40.616362;
2.hdr;8;RGB;9437184;0.079151;0.006265;22.030923;41.547627;0.051247;0.002626;25.806609;44.449613;
2.hdr;10;RGB;11796480;0.079165;0.006267;22.029313;43.075900;0.051286;0.002630;25.800088;45.602225;
2.hdr;4;sRGB;4718592;0.084027;0.007061;21.511625;36.827791;0.052818;0.002790;25.544392;41.377649;
2.hdr;6;sRGB;7077888;0.083192;0.006921;21.598411;36.944032;0.052490;0.002755;25.598464;41.581954;
2.hdr;8;sRGB;9437184;0.083028;0.006894;21.615505;37.028035;0.052440;0.002750;25.606778;44.929918;
2.hdr;10;sRGB;11796480;0.082990;0.006887;21.619454;37.045248;0.052431;0.002749;25.608228;41.713980;
2.hdr;4;XYZ;4718592;0.105637;0.011159;19.523638;21.303460;0.066665;0.004444;23.522045;23.710792;
2.hdr;6;XYZ;7077888;0.104757;0.010974;19.596363;13.107909;0.064782;0.004197;23.770926;16.891163;
2.hdr;8;XYZ;9437184;0.104644;0.010950;19.605747;14.500536;0.064827;0.004203;23.764879;15.805627;
2.hdr;10;XYZ;11796480;0.104628;0.010947;19.607039;14.836321;0.064838;0.004204;23.763409;15.653538;
2.hdr;4;YCC;4718592;0.199458;0.039783;14.002978;74.167578;0.090597;0.008208;20.857693;64.570317;
2.hdr;6;YCC;7077888;0.252047;0.063528;11.970374;29.307913;0.115433;0.013325;18.753421;30.821168;
2.hdr;8;YCC;9437184;0.291323;0.084869;10.712507;46.908189;0.138292;0.019125;17.184061;43.493186;
2.hdr;10;YCC;11796480;0.323986;0.104967;9.789488;82.295931;0.164380;0.027021;15.683025;70.458274;
2.hdr;4;YPbPr;4718592;0.318715;0.101579;9.931942;76.957221;0.161587;0.026110;15.831851;74.456543;
2.hdr;6;YPbPr;7077888;0.317670;0.100914;9.960483;75.945045;0.161096;0.025952;15.858291;77.724904;
2.hdr;8;YPbPr;9437184;0.317575;0.100854;9.963069;78.325198;0.160925;0.025897;15.867555;77.227315;
2.hdr;10;YPbPr;11796480;0.317366;0.100721;9.968792;78.451937;0.160887;0.025885;15.869577;77.195165;
2.hdr;4;YUV;4718592;0.323279;0.104509;9.808453;71.777924;0.161359;0.026037;15.844118;66.914356;
2.hdr;6;YUV;7077888;0.320521;0.102734;9.882876;74.916002;0.160775;0.025849;15.875641;68.314328;
2.hdr;8;YUV;9437184;0.321454;0.103333;9.857616;70.808871;0.160841;0.025870;15.872063;69.805591;
2.hdr;10;YUV;11796480;0.321592;0.103421;9.853897;74.029075;0.160824;0.025864;15.872968;68.830108;
3.hdr;32;RGB(A);10511662;;;;;;;;;
3.hdr;4;CMYK;6291456;0.013838;0.000191;37.178567;0.040541;0.011874;0.000141;38.508100;0.062436;
3.hdr;6;CMYK;9437184;0.014367;0.000206;36.852960;0.138432;0.012169;0.000148;38.294981;0.116794;
3.hdr;8;CMYK;12582912;0.014601;0.000213;36.712398;0.175494;0.012330;0.000152;38.180955;0.163038;
3.hdr;10;CMYK;15728640;0.014664;0.000215;36.674768;0.186322;0.012374;0.000153;38.149813;0.171334;
3.hdr;4;YCbC;4718592;0.026921;0.000725;31.398279;11.470191;0.022631;0.000512;32.906038;6.147550;
3.hdr;6;YCbC;7077888;0.028443;0.000809;30.920548;17.616827;0.023507;0.000553;32.575959;13.630232;
3.hdr;8;YCbC;9437184;0.029066;0.000845;30.732315;25.760290;0.023873;0.000570;32.441697;21.898854;
3.hdr;10;YCbC;11796480;0.029232;0.000854;30.682906;21.793260;0.023969;0.000575;32.406829;23.452962;
3.hdr;4;HCL;4718592;0.029454;0.000868;30.617069;11.956012;0.024823;0.000616;32.103061;12.897920;
3.hdr;6;HCL;7077888;0.030050;0.000903;30.443126;8.627759;0.025117;0.000631;32.000600;9.909201;
3.hdr;8;HCL;9437184;0.030298;0.000918;30.371592;7.855499;0.025218;0.000636;31.965659;8.807824;
3.hdr;10;HCL;11796480;0.030361;0.000922;30.353608;7.702455;0.025263;0.000638;31.950391;8.041706;
3.hdr;4;Lab;4718592;0.039005;0.001521;28.177530;23.641548;0.032502;0.001056;29.761743;20.499590;
3.hdr;6;Lab;7077888;0.042644;0.001819;27.402747;43.225266;0.034446;0.001187;29.257187;33.225673;
3.hdr;8;Lab;9437184;0.043718;0.001911;27.186841;47.444024;0.035016;0.001226;29.114723;37.239647;
3.hdr;10;Lab;11796480;0.043985;0.001935;27.133988;48.275168;0.035161;0.001236;29.078716;38.330949;
3.hdr;4;Luv;4718592;0.054078;0.002924;25.339645;8.650437;0.036481;0.001331;28.758716;6.988224;
3.hdr;6;Luv;7077888;0.052587;0.002765;25.582351;6.428637;0.036367;0.001323;28.785840;10.680901;
3.hdr;8;Luv;9437184;0.052432;0.002749;25.608045;6.264900;0.036420;0.001326;28.773296;5.099915;
3.hdr;10;Luv;11796480;0.052381;0.002744;25.616476;6.165677;0.036437;0.001328;28.769147;5.051814;
3.hdr;4;RGB;4718592;0.056915;0.003239;24.895538;13.940491;0.058612;0.003435;24.640279;12.277056;
3.hdr;6;RGB;7077888;0.057146;0.003266;24.860354;16.325017;0.058997;0.003481;24.583450;12.982899;
3.hdr;8;RGB;9437184;0.057240;0.003276;24.846067;17.509587;0.059130;0.003496;24.563825;13.138914;
3.hdr;10;RGB;11796480;0.057265;0.003279;24.842224;17.921787;0.059164;0.003500;24.558791;13.238466;
3.hdr;4;sRGB;4718592;0.061755;0.003814;24.186574;27.700569;0.060215;0.003626;24.405898;20.252345;
3.hdr;6;sRGB;7077888;0.060941;0.003714;24.301790;24.351312;0.059831;0.003580;24.461455;18.867637;
3.hdr;8;sRGB;9437184;0.060771;0.003693;24.326003;23.837174;0.059758;0.003571;24.472140;31.698736;
3.hdr;10;sRGB;11796480;0.060732;0.003688;24.331717;23.726227;0.059743;0.003569;24.474310;18.485201;
3.hdr;4;XYZ;4718592;0.077156;0.005953;22.252655;15.860914;0.070063;0.004909;23.090269;14.777972;
3.hdr;6;XYZ;7077888;0.076009;0.005777;22.382671;14.392918;0.066419;0.004411;23.554214;16.753139;
3.hdr;8;XYZ;9437184;0.075880;0.005758;22.397449;14.560337;0.066488;0.004421;23.545192;18.135011;
3.hdr;10;XYZ;11796480;0.075856;0.005754;22.400219;14.616074;0.066505;0.004423;23.542852;17.568967;
3.hdr;4;YCC;4718592;0.147710;0.021818;16.611812;31.620427;0.085136;0.007248;21.397760;37.125001;
3.hdr;6;YCC;7077888;0.189703;0.035987;14.438531;16.393911;0.107891;0.011640;19.340320;16.983075;
3.hdr;8;YCC;9437184;0.227571;0.051789;12.857653;26.517868;0.131106;0.017189;17.647561;27.555244;
3.hdr;10;YCC;11796480;0.267782;0.071707;11.444381;42.268621;0.159773;0.025527;15.929952;36.898445;
3.hdr;4;YPbPr;4718592;0.267229;0.071411;11.462339;35.695626;0.159063;0.025301;15.968596;28.067492;
3.hdr;6;YPbPr;7077888;0.266258;0.070893;11.493958;33.464156;0.157958;0.024951;16.029161;40.168694;
3.hdr;8;YPbPr;9437184;0.266177;0.070850;11.496582;37.252164;0.157749;0.024885;16.040682;29.841065;
3.hdr;10;YPbPr;11796480;0.266049;0.070782;11.500763;37.271686;0.157722;0.024876;16.042172;29.902784;
3.hdr;4;YUV;4718592;0.271874;0.073916;11.312641;32.166286;0.157258;0.024730;16.067745;23.424675;
3.hdr;6;YUV;7077888;0.269241;0.072491;11.397166;35.694351;0.156359;0.024448;16.117523;26.225674;
3.hdr;8;YUV;9437184;0.269666;0.072720;11.383486;29.566150;0.156318;0.024435;16.119836;29.007199;
3.hdr;10;YUV;11796480;0.269733;0.072756;11.381312;35.303728;0.156286;0.024425;16.121606;25.390813;
4.hdr;32;RGB(A);2241205;;;;;;;;;
4.hdr;4;CMYK;1384448;0.015976;0.000255;35.930908;2.109783;0.010924;0.000119;39.232036;2.130961;
4.hdr;6;CMYK;2076672;0.016107;0.000259;35.859858;2.489270;0.011311;0.000128;38.929819;2.222746;
4.hdr;8;CMYK;2768896;0.016222;0.000263;35.798114;2.810037;0.011487;0.000132;38.795874;1.915611;
4.hdr;10;CMYK;3461120;0.016255;0.000264;35.780320;2.840535;0.011536;0.000133;38.758990;2.702248;
4.hdr;4;YCbC;1038336;0.043267;0.001872;27.276916;112.837296;0.024064;0.000579;32.372682;72.225257;
4.hdr;6;YCbC;1557504;0.045389;0.002060;26.861017;110.931606;0.027325;0.000747;31.268949;84.371619;
4.hdr;8;YCbC;2076672;0.047207;0.002229;26.519837;119.872173;0.028031;0.000786;31.047103;90.264769;
4.hdr;10;YCbC;2595840;0.047668;0.002272;26.435410;123.197027;0.028206;0.000796;30.993228;90.283603;
4.hdr;4;HCL;1038336;0.043989;0.001935;27.133189;126.330942;0.031395;0.000986;30.062830;82.003380;
4.hdr;6;HCL;1557504;0.040051;0.001604;27.947781;98.376678;0.030928;0.000957;30.192908;73.137599;
4.hdr;8;HCL;2076672;0.040114;0.001609;27.934067;97.917257;0.030630;0.000938;30.277164;72.238596;
4.hdr;10;HCL;2595840;0.040124;0.001610;27.931836;98.168502;0.030559;0.000934;30.297194;72.038962;
4.hdr;4;Lab;1038336;0.056979;0.003247;24.885775;58.019844;0.033483;0.001121;29.503426;72.161308;
4.hdr;6;Lab;1557504;0.060851;0.003703;24.314653;53.923493;0.037477;0.001405;28.524719;83.325484;
4.hdr;8;Lab;2076672;0.063263;0.004002;23.976964;57.166493;0.038476;0.001480;28.296175;86.420935;
4.hdr;10;Lab;2595840;0.063826;0.004074;23.900043;57.924962;0.038724;0.001500;28.240454;87.257276;
4.hdr;4;Luv;1038336;0.084918;0.007211;21.420024;118.448932;0.040787;0.001664;27.789527;108.329126;
4.hdr;6;Luv;1557504;0.080069;0.006411;21.930690;106.249952;0.040744;0.001660;27.798675;101.445535;
4.hdr;8;Luv;2076672;0.081654;0.006667;21.760421;109.172511;0.040921;0.001675;27.761145;102.251090;
4.hdr;10;Luv;2595840;0.081704;0.006676;21.755160;109.922418;0.040987;0.001680;27.747036;104.589610;
4.hdr;4;RGB;1038336;0.091806;0.008428;20.742566;97.226668;0.067444;0.004549;23.421082;89.771510;
4.hdr;6;RGB;1557504;0.093791;0.008797;20.556800;95.150206;0.066862;0.004470;23.496446;88.999662;
4.hdr;8;RGB;2076672;0.094271;0.008887;20.512393;94.902245;0.066733;0.004453;23.513224;88.858945;
4.hdr;10;RGB;2595840;0.094390;0.008909;20.501484;94.851131;0.066700;0.004449;23.517460;88.832819;
4.hdr;4;sRGB;1038336;0.075994;0.005775;22.384432;96.733527;0.065536;0.004295;23.670449;89.119152;
4.hdr;6;sRGB;1557504;0.074237;0.005511;22.587594;98.859602;0.065679;0.004314;23.651427;90.475324;
4.hdr;8;sRGB;2076672;0.073843;0.005453;22.633849;99.529256;0.065719;0.004319;23.646240;90.490101;
4.hdr;10;sRGB;2595840;0.073747;0.005439;22.645080;99.697116;0.065729;0.004320;23.644861;90.919459;
4.hdr;4;XYZ;1038336;0.078774;0.006205;22.072336;100.454401;0.071555;0.005120;22.907202;97.130870;
4.hdr;6;XYZ;1557504;0.077642;0.006028;22.198036;105.581697;0.072004;0.005185;22.852840;99.592959;
4.hdr;8;XYZ;2076672;0.077293;0.005974;22.237237;103.661589;0.072465;0.005251;22.797412;101.619083;
4.hdr;10;XYZ;2595840;0.077206;0.005961;22.246992;103.893811;0.072212;0.005215;22.827817;100.985881;
4.hdr;4;YCC;1038336;0.114412;0.013090;18.830604;131.771182;0.097316;0.009470;20.236306;120.964633;
4.hdr;6;YCC;1557504;0.202944;0.041186;13.852493;174.353494;0.134286;0.018033;17.439377;162.675303;
4.hdr;8;YCC;2076672;0.264612;0.070020;11.547809;195.351907;0.152811;0.023351;16.316930;196.491770;
4.hdr;10;YCC;2595840;0.309391;0.095723;10.189834;203.502168;0.168244;0.028306;15.481231;200.751020;
4.hdr;4;YPbPr;1038336;0.307785;0.094732;10.235038;212.390945;0.168515;0.028397;15.467248;196.886727;
4.hdr;6;YPbPr;1557504;0.310913;0.096667;10.147234;214.135789;0.169592;0.028761;15.411904;198.162866;
4.hdr;8;YPbPr;2076672;0.310872;0.096642;10.148362;215.152420;0.169688;0.028794;15.406957;199.032340;
4.hdr;10;YPbPr;2595840;0.311019;0.096733;10.144264;215.379766;0.169740;0.028812;15.404324;201.392635;
4.hdr;4;YUV;1038336;0.284423;0.080897;10.920700;205.785887;0.161891;0.026209;15.815529;190.852084;
4.hdr;6;YUV;1557504;0.281035;0.078980;11.024805;204.380566;0.160631;0.025802;15.883391;190.219279;
4.hdr;8;YUV;2076672;0.280573;0.078721;11.039073;204.398293;0.160401;0.025728;15.895881;191.562842;
4.hdr;10;YUV;2595840;0.280477;0.078667;11.042064;203.366248;0.160340;0.025709;15.899140;193.937887;
5.hdr;32;RGB(A);2404342;;;;;;;;;
5.hdr;4;CMYK;1384448;0.020184;0.000407;33.900034;1.665684;0.012028;0.000145;38.396261;0.884207;
5.hdr;6;CMYK;2076672;0.020987;0.000440;33.561047;1.534917;0.012163;0.000148;38.299078;0.855288;
5.hdr;8;CMYK;2768896;0.021312;0.000454;33.427340;1.534726;0.012268;0.000151;38.224593;0.697636;
5.hdr;10;CMYK;3461120;0.021400;0.000458;33.391835;1.527635;0.012298;0.000151;38.203518;0.713705;
5.hdr;4;YCbC;1038336;0.044670;0.001995;26.999622;33.744012;0.022636;0.000512;32.903963;32.087918;
5.hdr;6;YCbC;1557504;0.049889;0.002489;26.039909;46.945360;0.026085;0.000680;31.672334;42.920173;
5.hdr;8;YCbC;2076672;0.051560;0.002658;25.753774;47.906349;0.026988;0.000728;31.376747;45.010921;
5.hdr;10;YCbC;2595840;0.051977;0.002702;25.683700;48.215079;0.027204;0.000740;31.307295;45.735434;
5.hdr;4;HCL;1038336;0.052949;0.002804;25.522925;52.835073;0.029206;0.000853;30.690420;53.654017;
5.hdr;6;HCL;1557504;0.051264;0.002628;25.803694;46.880649;0.028185;0.000794;30.999578;46.981611;
5.hdr;8;HCL;2076672;0.051146;0.002616;25.823775;46.470141;0.027986;0.000783;31.061255;46.305958;
5.hdr;10;HCL;2595840;0.051117;0.002613;25.828683;46.321079;0.027947;0.000781;31.073260;46.351103;
5.hdr;4;Lab;1038336;0.063485;0.004030;23.946561;72.219633;0.034549;0.001194;29.231401;87.703442;
5.hdr;6;Lab;1557504;0.070947;0.005034;22.981274;103.133862;0.038258;0.001464;28.345645;112.386409;
5.hdr;8;Lab;2076672;0.073078;0.005340;22.724298;106.765305;0.039193;0.001536;28.135891;119.188334;
5.hdr;10;Lab;2595840;0.073614;0.005419;22.660825;107.838099;0.039425;0.001554;28.084599;120.916956;
5.hdr;4;Luv;1038336;0.090878;0.008259;20.830805;133.368179;0.041796;0.001747;27.577202;100.477948;
5.hdr;6;Luv;1557504;0.087548;0.007665;21.155037;132.677935;0.041786;0.001746;27.579401;93.256509;
5.hdr;8;Luv;2076672;0.087511;0.007658;21.158766;132.503992;0.041860;0.001752;27.563926;93.075921;
5.hdr;10;Luv;2595840;0.087425;0.007643;21.167308;132.866157;0.041882;0.001754;27.559402;93.081664;
5.hdr;4;RGB;1038336;0.091473;0.008367;20.774129;44.260312;0.052221;0.002727;25.643090;36.937972;
5.hdr;6;RGB;1557504;0.092156;0.008493;20.709544;46.135604;0.052999;0.002809;25.514656;38.020277;
5.hdr;8;RGB;2076672;0.092345;0.008528;20.691688;46.630787;0.053224;0.002833;25.477831;38.306768;
5.hdr;10;RGB;2595840;0.092394;0.008537;20.687164;46.760367;0.053282;0.002839;25.468375;38.387694;
5.hdr;4;sRGB;1038336;0.093758;0.008791;20.559793;57.482467;0.054270;0.002945;25.308782;47.267890;
5.hdr;6;sRGB;1557504;0.093264;0.008698;20.605751;56.064706;0.053778;0.002892;25.387932;46.444399;
5.hdr;8;sRGB;2076672;0.093176;0.008682;20.613930;55.765259;0.053685;0.002882;25.402949;46.749869;
5.hdr;10;sRGB;2595840;0.093156;0.008678;20.615752;55.698605;0.053664;0.002880;25.406274;46.224508;
5.hdr;4;XYZ;1038336;0.106989;0.011447;19.413253;67.464798;0.066413;0.004411;23.554918;64.984586;
5.hdr;6;XYZ;1557504;0.106303;0.011300;19.469129;101.005002;0.064435;0.004152;23.817590;84.573521;
5.hdr;8;XYZ;2076672;0.106242;0.011287;19.474062;105.387004;0.064463;0.004156;23.813763;86.034081;
5.hdr;10;XYZ;2595840;0.106237;0.011286;19.474503;106.478395;0.064469;0.004156;23.812920;86.370046;
5.hdr;4;YCC;1038336;0.180950;0.032743;14.848844;123.985647;0.090263;0.008147;20.889853;111.090832;
5.hdr;6;YCC;1557504;0.242511;0.058812;12.305360;121.725260;0.121371;0.014731;18.317695;121.392768;
5.hdr;8;YCC;2076672;0.304474;0.092705;10.328989;151.060754;0.154993;0.024023;16.193744;149.395618;
5.hdr;10;YCC;2595840;0.349870;0.122409;9.121876;178.031548;0.184311;0.033971;14.688980;184.581606;
5.hdr;4;YPbPr;1038336;0.344408;0.118617;9.258539;191.269918;0.183611;0.033713;14.722017;218.710481;
5.hdr;6;YPbPr;1557504;0.341851;0.116862;9.323270;196.110019;0.182529;0.033317;14.773348;218.560216;
5.hdr;8;YPbPr;2076672;0.341269;0.116465;9.338059;198.540735;0.182235;0.033210;14.787347;216.630353;
5.hdr;10;YPbPr;2595840;0.341131;0.116370;9.341573;202.525219;0.182224;0.033206;14.787893;217.786047;
5.hdr;4;YUV;1038336;0.340804;0.116147;9.349908;185.145467;0.181098;0.032796;14.841744;190.929336;
5.hdr;6;YUV;1557504;0.339604;0.115331;9.380554;185.667272;0.180723;0.032661;14.859743;193.183522;
5.hdr;8;YUV;2076672;0.339895;0.115529;9.373104;190.205969;0.180680;0.032645;14.861803;196.338613;
5.hdr;10;YUV;2595840;0.339936;0.115556;9.372066;186.416427;0.180660;0.032638;14.862767;193.945234;
6.hdr;32;RGB(A);2236327;;;;;;;;;
6.hdr;4;CMYK;1384448;0.011738;0.000138;38.607929;8.302036;0.012684;0.000161;37.935097;1.669361;
6.hdr;6;CMYK;2076672;0.012066;0.000146;38.368728;8.094138;0.013586;0.000185;37.338044;4.219897;
6.hdr;8;CMYK;2768896;0.012222;0.000149;38.257360;8.016759;0.013896;0.000193;37.142250;1.417740;
6.hdr;10;CMYK;3461120;0.012264;0.000150;38.227035;8.094901;0.013977;0.000195;37.091612;2.191333;
6.hdr;4;YCbC;1038336;0.035115;0.001233;29.090177;166.819649;0.025456;0.000648;31.884367;175.039929;
6.hdr;6;YCbC;1557504;0.038230;0.001462;28.351841;175.297904;0.029779;0.000887;30.521659;187.315333;
6.hdr;8;YCbC;2076672;0.039724;0.001578;28.018884;186.626491;0.030851;0.000952;30.214702;194.157556;
6.hdr;10;YCbC;2595840;0.040099;0.001608;27.937433;193.127255;0.031103;0.000967;30.143924;193.971664;
6.hdr;4;HCL;1038336;0.038618;0.001491;28.264156;182.798086;0.032474;0.001055;29.769184;186.869748;
6.hdr;6;HCL;1557504;0.036018;0.001297;28.869502;170.385021;0.031663;0.001003;29.988916;175.560538;
6.hdr;8;HCL;2076672;0.035973;0.001294;28.880510;169.868260;0.031520;0.000993;30.028327;173.986562;
6.hdr;10;HCL;2595840;0.035961;0.001293;28.883432;169.631844;0.031487;0.000991;30.037351;173.567647;
6.hdr;4;Lab;1038336;0.045560;0.002076;26.828234;214.824315;0.032193;0.001036;29.844674;206.317476;
6.hdr;6;Lab;1557504;0.049876;0.002488;26.042198;221.693863;0.036599;0.001340;28.730516;240.533296;
6.hdr;8;Lab;2076672;0.051634;0.002666;25.741357;240.267303;0.037692;0.001421;28.474951;248.829182;
6.hdr;10;Lab;2595840;0.052074;0.002712;25.667573;248.583082;0.037963;0.001441;28.412877;250.891000;
6.hdr;4;Luv;1038336;0.065167;0.004247;23.719491;159.191271;0.040032;0.001603;27.951953;163.083247;
6.hdr;6;Luv;1557504;0.062484;0.003904;24.084651;142.484898;0.040574;0.001646;27.835009;147.761736;
6.hdr;8;Luv;2076672;0.063345;0.004013;23.965740;145.232887;0.040832;0.001667;27.779924;148.834158;
6.hdr;10;Luv;2595840;0.063376;0.004016;23.961526;145.753615;0.040903;0.001673;27.764915;149.318119;
6.hdr;4;RGB;1038336;0.071158;0.005063;22.955551;209.828861;0.079022;0.006244;22.045041;227.095580;
6.hdr;6;RGB;1557504;0.072133;0.005203;22.837262;215.646573;0.078694;0.006193;22.081202;236.301190;
6.hdr;8;RGB;2076672;0.072385;0.005240;22.807031;216.852317;0.078635;0.006184;22.087651;243.749959;
6.hdr;10;RGB;2595840;0.072448;0.005249;22.799496;218.192073;0.078621;0.006181;22.089177;240.535149;
6.hdr;4;sRGB;1038336;0.062906;0.003957;24.026175;211.975431;0.078078;0.006096;22.149432;231.762712;
6.hdr;6;sRGB;1557504;0.061826;0.003822;24.176589;205.524415;0.078038;0.006090;22.153832;224.982018;
6.hdr;8;sRGB;2076672;0.061587;0.003793;24.210154;204.126635;0.078035;0.006090;22.154169;221.122501;
6.hdr;10;sRGB;2595840;0.061530;0.003786;24.218256;203.799787;0.078038;0.006090;22.153874;222.408834;
6.hdr;4;XYZ;1038336;0.073621;0.005420;22.660002;183.392905;0.090172;0.008131;20.898559;175.230535;
6.hdr;6;XYZ;1557504;0.072875;0.005311;22.748414;165.281338;0.088742;0.007875;21.037380;177.772013;
6.hdr;8;XYZ;2076672;0.072530;0.005261;22.789653;166.243563;0.088867;0.007897;21.025190;177.717699;
6.hdr;10;XYZ;2595840;0.072435;0.005247;22.800987;166.072606;0.088739;0.007875;21.037754;177.359286;
6.hdr;4;YCC;1038336;0.123145;0.015165;18.191692;208.652674;0.110102;0.012122;19.164082;209.896555;
6.hdr;6;YCC;1557504;0.212565;0.045184;13.450170;269.198806;0.142597;0.020334;16.917820;237.533981;
6.hdr;8;YCC;2076672;0.294775;0.086893;10.610175;300.701542;0.169508;0.028733;15.416204;270.291856;
6.hdr;10;YCC;2595840;0.345675;0.119491;9.226647;316.151266;0.190323;0.036223;14.410159;280.618536;
6.hdr;4;YPbPr;1038336;0.337482;0.113894;9.434986;311.000409;0.189824;0.036033;14.432978;283.277178;
6.hdr;6;YPbPr;1557504;0.336867;0.113479;9.450842;315.022257;0.189454;0.035893;14.449919;283.478004;
6.hdr;8;YPbPr;2076672;0.335621;0.112641;9.483025;328.340337;0.189198;0.035796;14.461647;286.893841;
6.hdr;10;YPbPr;2595840;0.335574;0.112610;9.484235;329.573238;0.189192;0.035794;14.461941;286.632168;
6.hdr;4;YUV;1038336;0.313534;0.098303;10.074314;294.610705;0.183648;0.033727;14.720278;273.233737;
6.hdr;6;YUV;1557504;0.309690;0.095908;10.181444;324.556207;0.182230;0.033208;14.787617;280.900561;
6.hdr;8;YUV;2076672;0.308892;0.095414;10.203874;296.450806;0.182012;0.033128;14.798017;275.114244;
6.hdr;10;YUV;2595840;0.308779;0.095344;10.207044;299.358935;0.181959;0.033109;14.800547;277.524147;
7.hdr;32;RGB(A);26916101;;;;;;;;;
7.hdr;4;CMYK;16588800;0.020663;0.000427;33.696242;0.092245;0.010716;0.000115;39.399125;0.018618;
7.hdr;6;CMYK;24883200;0.021716;0.000472;33.264437;0.094128;0.011259;0.000127;38.970191;0.025225;
7.hdr;8;CMYK;33177600;0.022117;0.000489;33.105529;0.100381;0.011469;0.000132;38.809635;0.029290;
7.hdr;10;CMYK;41472000;0.022224;0.000494;33.063682;0.101333;0.011524;0.000133;38.767726;0.030248;
7.hdr;4;YCbC;12441600;0.051812;0.002684;25.711447;7.068191;0.022049;0.000486;33.132026;4.754788;
7.hdr;6;YCbC;18662400;0.052628;0.002770;25.575658;9.556317;0.023500;0.000552;32.578678;7.630330;
7.hdr;8;YCbC;24883200;0.053969;0.002913;25.357092;10.676400;0.023979;0.000575;32.403547;8.620853;
7.hdr;10;YCbC;31104000;0.054355;0.002954;25.295190;10.944670;0.024084;0.000580;32.365442;8.678172;
7.hdr;4;HCL;12441600;0.054504;0.002971;25.271364;11.097733;0.026272;0.000690;31.610254;7.592578;
7.hdr;6;HCL;18662400;0.052321;0.002737;25.626488;9.693500;0.026166;0.000685;31.645362;5.928732;
7.hdr;8;HCL;24883200;0.052538;0.002760;25.590532;9.597318;0.026181;0.000685;31.640312;5.683520;
7.hdr;10;HCL;31104000;0.052602;0.002767;25.579946;9.649218;0.026194;0.000686;31.636109;5.626239;
7.hdr;4;Lab;12441600;0.074295;0.005520;22.580832;11.856367;0.033936;0.001152;29.386910;24.573711;
7.hdr;6;Lab;18662400;0.079262;0.006283;22.018675;11.449947;0.037123;0.001378;28.607223;36.712139;
7.hdr;8;Lab;24883200;0.081261;0.006603;21.802304;12.549095;0.037941;0.001439;28.417937;39.799224;
7.hdr;10;Lab;31104000;0.081790;0.006690;21.745996;12.804141;0.038144;0.001455;28.371417;40.592114;
7.hdr;4;Luv;12441600;0.101720;0.010347;19.851877;25.671462;0.038974;0.001519;28.184581;20.905357;
7.hdr;6;Luv;18662400;0.096969;0.009403;20.267369;15.907518;0.038385;0.001473;28.316738;14.404973;
7.hdr;8;Luv;24883200;0.097686;0.009542;20.203397;16.762973;0.038385;0.001473;28.316838;14.221303;
7.hdr;10;Luv;31104000;0.097632;0.009532;20.208157;16.835254;0.038385;0.001473;28.316777;14.228767;
7.hdr;4;RGB;12441600;0.106807;0.011408;19.428045;15.941798;0.049687;0.002469;26.075104;15.554814;
7.hdr;6;RGB;18662400;0.108443;0.011760;19.295970;16.344489;0.049954;0.002495;26.028641;16.044323;
7.hdr;8;RGB;24883200;0.108849;0.011848;19.263549;16.449694;0.050043;0.002504;26.013131;16.166116;
7.hdr;10;RGB;31104000;0.108949;0.011870;19.255537;16.475922;0.050066;0.002507;26.009105;16.188427;
7.hdr;4;sRGB;12441600;0.094897;0.009005;20.454943;12.318102;0.049748;0.002475;26.064448;10.992643;
7.hdr;6;sRGB;18662400;0.093344;0.008713;20.598310;11.482544;0.049318;0.002432;26.139953;10.052436;
7.hdr;8;sRGB;24883200;0.093015;0.008652;20.628931;11.293381;0.049234;0.002424;26.154716;10.123803;
7.hdr;10;sRGB;31104000;0.092937;0.008637;20.636221;11.247646;0.049215;0.002422;26.158067;9.789401;
7.hdr;4;XYZ;12441600;0.103858;0.010786;19.671231;27.808399;0.062152;0.003863;24.130829;55.696076;
7.hdr;6;XYZ;18662400;0.101012;0.010203;19.912543;34.030286;0.061770;0.003816;24.184428;61.393566;
7.hdr;8;XYZ;24883200;0.100348;0.010070;19.969803;32.820110;0.061705;0.003808;24.193542;64.941267;
7.hdr;10;XYZ;31104000;0.100192;0.010038;19.983319;32.471256;0.061674;0.003804;24.197929;64.487477;
7.hdr;4;YCC;12441600;0.174983;0.030619;15.140068;36.564689;0.087352;0.007630;21.174501;62.566623;
7.hdr;6;YCC;18662400;0.259363;0.067269;11.721841;57.157327;0.117563;0.013821;18.594623;65.144505;
7.hdr;8;YCC;24883200;0.340700;0.116076;9.352565;64.974979;0.147830;0.021854;16.604742;71.396853;
7.hdr;10;YCC;31104000;0.376376;0.141659;8.487558;77.438405;0.166198;0.027622;15.587494;88.645638;
7.hdr;4;YPbPr;12441600;0.365890;0.133875;8.732992;92.241861;0.163931;0.026874;15.706754;75.037981;
7.hdr;6;YPbPr;18662400;0.363712;0.132287;8.784836;74.929588;0.162831;0.026514;15.765277;78.199245;
7.hdr;8;YPbPr;24883200;0.363115;0.131852;8.799126;88.478300;0.162541;0.026419;15.780764;75.463521;
7.hdr;10;YPbPr;31104000;0.362960;0.131740;8.802821;92.453907;0.162492;0.026404;15.783341;75.263741;
7.hdr;4;YUV;12441600;0.356777;0.127290;8.952066;82.216399;0.160540;0.025773;15.888338;74.806777;
7.hdr;6;YUV;18662400;0.355845;0.126625;8.974789;84.337545;0.159971;0.025591;15.919188;75.467456;
7.hdr;8;YUV;24883200;0.355151;0.126133;8.991730;77.140343;0.159817;0.025542;15.927515;79.248386;
7.hdr;10;YUV;31104000;0.355198;0.126166;8.990590;83.308415;0.159806;0.025538;15.928148;75.776118;
Apartment.hdr;32;RGB(A);5591117;;;;;;;;;
Apartment.hdr;4;CMYK;2795520;0.013178;0.000174;37.603084;2.408197;0.010209;0.000104;39.820220;4.231309;
Apartment.hdr;6;CMYK;4193280;0.013364;0.000179;37.481130;2.375994;0.010203;0.000104;39.825441;3.798716;
Apartment.hdr;8;CMYK;5591040;0.013495;0.000182;37.396372;2.559980;0.010266;0.000105;39.772106;3.767055;
Apartment.hdr;10;CMYK;6988800;0.013532;0.000183;37.372468;2.631692;0.010285;0.000106;39.755958;3.763983;
Apartment.hdr;4;YCbC;2096640;0.045707;0.002089;26.800307;45.618671;0.022952;0.000527;32.783483;37.960018;
Apartment.hdr;6;YCbC;3144960;0.047457;0.002252;26.474049;53.155069;0.026180;0.000685;31.640640;39.075809;
Apartment.hdr;8;YCbC;4193280;0.049216;0.002422;26.157896;51.316976;0.027003;0.000729;31.371649;47.158190;
Apartment.hdr;10;YCbC;5241600;0.049658;0.002466;26.080286;51.876897;0.027177;0.000739;31.315990;47.058097;
Apartment.hdr;4;HCL;2096640;0.046916;0.002201;26.573638;56.082648;0.031057;0.000965;30.156936;50.612616;
Apartment.hdr;6;HCL;3144960;0.042791;0.001831;27.373008;38.920057;0.030126;0.000908;30.421261;38.077495;
Apartment.hdr;8;HCL;4193280;0.042863;0.001837;27.358326;39.395374;0.029880;0.000893;30.492397;36.989631;
Apartment.hdr;10;HCL;5241600;0.042882;0.001839;27.354521;39.448495;0.029831;0.000890;30.506562;36.707811;
Apartment.hdr;4;Lab;2096640;0.058780;0.003455;24.615470;73.335888;0.035636;0.001270;28.962177;73.035648;
Apartment.hdr;6;Lab;3144960;0.062073;0.003853;24.142011;185.872661;0.039461;0.001557;28.076653;77.667019;
Apartment.hdr;8;Lab;4193280;0.064120;0.004111;23.860062;215.608951;0.040414;0.001633;27.869410;79.979555;
Apartment.hdr;10;Lab;5241600;0.064653;0.004180;23.788225;223.308372;0.040650;0.001652;27.818839;80.580062;
Apartment.hdr;4;Luv;2096640;0.081550;0.006650;21.771574;88.175260;0.038244;0.001463;28.348735;74.289000;
Apartment.hdr;6;Luv;3144960;0.077574;0.006018;22.205685;69.138039;0.037925;0.001438;28.421511;82.800252;
Apartment.hdr;8;Luv;4193280;0.079386;0.006302;22.005133;68.210665;0.038042;0.001447;28.394739;91.496902;
Apartment.hdr;10;Luv;5241600;0.079487;0.006318;21.994067;69.358982;0.038081;0.001450;28.385736;92.492828;
Apartment.hdr;4;RGB;2096640;0.090846;0.008253;20.833894;48.373022;0.057052;0.003255;24.874513;65.203279;
Apartment.hdr;6;RGB;3144960;0.093315;0.008708;20.601009;44.581242;0.058071;0.003372;24.720886;61.149389;
Apartment.hdr;8;RGB;4193280;0.093912;0.008820;20.545536;42.267676;0.058338;0.003403;24.680952;60.442409;
Apartment.hdr;10;RGB;5241600;0.094060;0.008847;20.531920;41.882973;0.058405;0.003411;24.670940;60.243401;
Apartment.hdr;4;sRGB;2096640;0.074091;0.005489;22.604683;40.732979;0.058093;0.003375;24.717509;62.988040;
Apartment.hdr;6;sRGB;3144960;0.071842;0.005161;22.872438;45.580216;0.057173;0.003269;24.856110;63.362881;
Apartment.hdr;8;sRGB;4193280;0.071331;0.005088;22.934439;59.657642;0.056967;0.003245;24.887533;59.968008;
Apartment.hdr;10;sRGB;5241600;0.071207;0.005070;22.949532;50.165741;0.056918;0.003240;24.895066;64.191494;
Apartment.hdr;4;XYZ;2096640;0.081370;0.006621;21.790666;38.032608;0.079577;0.006333;21.984200;58.817149;
Apartment.hdr;6;XYZ;3144960;0.078842;0.006216;22.064885;38.570699;0.080186;0.006430;21.917982;55.649203;
Apartment.hdr;8;XYZ;4193280;0.078252;0.006123;22.130119;37.575540;0.080354;0.006457;21.899836;57.861315;
Apartment.hdr;10;XYZ;5241600;0.078105;0.006100;22.146465;36.595660;0.080346;0.006455;21.900715;55.894675;
Apartment.hdr;4;YCC;2096640;0.135971;0.018488;17.331082;52.162447;0.106408;0.011323;19.460523;59.919262;
Apartment.hdr;6;YCC;3144960;0.234259;0.054877;12.606061;78.094557;0.137494;0.018905;17.234326;68.205285;
Apartment.hdr;8;YCC;4193280;0.342556;0.117344;9.305378;86.738439;0.171066;0.029263;15.336742;106.493905;
Apartment.hdr;10;YCC;5241600;0.368232;0.135595;8.677575;98.494428;0.184013;0.033861;14.703036;114.382906;
Apartment.hdr;4;YPbPr;2096640;0.355921;0.126680;8.972936;124.851635;0.180816;0.032694;14.855277;107.637484;
Apartment.hdr;6;YPbPr;3144960;0.351826;0.123781;9.073452;104.952602;0.179505;0.032222;14.918472;92.859450;
Apartment.hdr;8;YPbPr;4193280;0.349951;0.122466;9.119853;108.683258;0.179065;0.032064;14.939778;113.977635;
Apartment.hdr;10;YPbPr;5241600;0.349907;0.122435;9.120957;109.667803;0.179045;0.032057;14.940737;113.905067;
Apartment.hdr;4;YUV;2096640;0.328334;0.107803;9.673684;98.446887;0.173983;0.030270;15.189884;102.039947;
Apartment.hdr;6;YUV;3144960;0.324197;0.105104;9.783812;99.164598;0.173012;0.029933;15.238453;110.989583;
Apartment.hdr;8;YUV;4193280;0.323323;0.104538;9.807264;98.624730;0.172823;0.029868;15.247954;86.486732;
Apartment.hdr;10;YUV;5241600;0.323301;0.104524;9.807848;99.726131;0.172803;0.029861;15.248984;107.712086;
Atrium.hdr;32;RGB(A);3088716;;;;;;;;;
Atrium.hdr;4;CMYK;1544320;0.011901;0.000142;38.488551;0.835797;0.012638;0.000160;37.966746;0.238810;
Atrium.hdr;6;CMYK;2316480;0.012227;0.000150;38.253580;0.644954;0.012822;0.000164;37.840838;0.711559;
Atrium.hdr;8;CMYK;3088640;0.012390;0.000154;38.138566;0.735955;0.012957;0.000168;37.749651;1.053755;
Atrium.hdr;10;CMYK;3860800;0.012435;0.000155;38.107323;0.849915;0.012995;0.000169;37.724173;1.200071;
Atrium.hdr;4;YCbC;1158240;0.024915;0.000621;32.070940;68.063293;0.025253;0.000638;31.953652;67.108585;
Atrium.hdr;6;YCbC;1737360;0.028495;0.000812;30.904591;78.769298;0.029664;0.000880;30.555482;82.357378;
Atrium.hdr;8;YCbC;2316480;0.029528;0.000872;30.595407;81.112479;0.030765;0.000946;30.238891;83.853787;
Atrium.hdr;10;YCbC;2895600;0.029788;0.000887;30.519257;81.703347;0.031038;0.000963;30.162209;84.416739;
Atrium.hdr;4;HCL;1158240;0.031405;0.000986;30.060144;106.987196;0.034431;0.001185;29.261064;118.952734;
Atrium.hdr;6;HCL;1737360;0.030334;0.000920;30.361450;98.556513;0.033257;0.001106;29.562347;115.882102;
Atrium.hdr;8;HCL;2316480;0.030187;0.000911;30.403640;97.626444;0.032993;0.001089;29.631569;109.144439;
Atrium.hdr;10;HCL;2895600;0.030151;0.000909;30.413982;97.438944;0.032938;0.001085;29.645953;107.286971;
Atrium.hdr;4;Lab;1158240;0.037654;0.001418;28.483875;40.861630;0.038131;0.001454;28.374410;45.840291;
Atrium.hdr;6;Lab;1737360;0.041404;0.001714;27.659257;50.543931;0.041396;0.001714;27.660754;53.757835;
Atrium.hdr;8;Lab;2316480;0.042448;0.001802;27.442821;53.669282;0.042232;0.001784;27.487097;56.413227;
Atrium.hdr;10;Lab;2895600;0.042708;0.001824;27.389735;54.475676;0.042441;0.001801;27.444382;57.104824;
Atrium.hdr;4;Luv;1158240;0.049358;0.002436;26.132889;74.268050;0.043018;0.001851;27.327003;76.354154;
Atrium.hdr;6;Luv;1737360;0.047900;0.002294;26.393350;79.995208;0.043455;0.001888;27.239110;87.385862;
Atrium.hdr;8;Luv;2316480;0.047807;0.002286;26.410182;93.987158;0.043654;0.001906;27.199520;83.230018;
Atrium.hdr;10;Luv;2895600;0.047764;0.002281;26.417922;84.866530;0.043711;0.001911;27.188104;83.043396;
Atrium.hdr;4;RGB;1158240;0.052124;0.002717;25.659224;87.358458;0.067408;0.004544;23.425780;108.561126;
Atrium.hdr;6;RGB;1737360;0.052412;0.002747;25.611386;95.695834;0.067151;0.004509;23.459006;101.205290;
Atrium.hdr;8;RGB;2316480;0.052518;0.002758;25.593845;95.447608;0.067126;0.004506;23.462174;101.068801;
Atrium.hdr;10;RGB;2895600;0.052546;0.002761;25.589191;95.588897;0.067121;0.004505;23.462834;106.144327;
Atrium.hdr;4;sRGB;1158240;0.053775;0.002892;25.388444;92.322247;0.066990;0.004488;23.479854;106.611568;
Atrium.hdr;6;sRGB;1737360;0.053315;0.002843;25.462936;90.858282;0.066809;0.004463;23.503331;103.073805;
Atrium.hdr;8;sRGB;2316480;0.053225;0.002833;25.477650;90.566040;0.066779;0.004459;23.507169;103.936093;
Atrium.hdr;10;sRGB;2895600;0.053204;0.002831;25.481083;90.502179;0.066774;0.004459;23.507790;102.315174;
Atrium.hdr;4;XYZ;1158240;0.069143;0.004781;23.205085;134.973101;0.080919;0.006548;21.838987;136.194607;
Atrium.hdr;6;XYZ;1737360;0.067976;0.004621;23.352850;135.205504;0.079277;0.006285;22.017063;137.437116;
Atrium.hdr;8;XYZ;2316480;0.067619;0.004572;23.398683;138.760368;0.079196;0.006272;22.025941;133.797569;
Atrium.hdr;10;XYZ;2895600;0.067527;0.004560;23.410482;138.765975;0.079065;0.006251;22.040264;133.942493;
Atrium.hdr;4;YCC;1158240;0.125884;0.015847;18.000570;178.657201;0.108998;0.011881;19.251615;170.825832;
Atrium.hdr;6;YCC;1737360;0.194038;0.037651;14.242276;228.298879;0.150307;0.022592;16.460442;216.536269;
Atrium.hdr;8;YCC;2316480;0.268977;0.072349;11.405690;267.846898;0.190658;0.036350;14.394900;256.854749;
Atrium.hdr;10;YCC;2895600;0.336059;0.112935;9.471698;280.165298;0.223277;0.049852;13.023134;277.469140;
Atrium.hdr;4;YPbPr;1158240;0.335713;0.112703;9.480633;279.749382;0.224065;0.050205;12.992501;274.855464;
Atrium.hdr;6;YPbPr;1737360;0.333486;0.111213;9.538450;281.865570;0.222655;0.049575;13.047336;272.816496;
Atrium.hdr;8;YPbPr;2316480;0.332724;0.110705;9.558316;281.363139;0.222344;0.049437;13.059481;270.583738;
Atrium.hdr;10;YPbPr;2895600;0.332779;0.110742;9.556873;281.602918;0.222375;0.049451;13.058267;270.562058;
Atrium.hdr;4;YUV;1158240;0.325477;0.105935;9.749602;272.531301;0.218947;0.047938;13.193201;264.399965;
Atrium.hdr;6;YUV;1737360;0.323565;0.104694;9.800772;274.945086;0.218377;0.047688;13.215882;263.846434;
Atrium.hdr;8;YUV;2316480;0.323495;0.104649;9.802651;274.951681;0.218296;0.047653;13.219096;266.103714;
Atrium.hdr;10;YUV;2895600;0.323500;0.104652;9.802515;273.042998;0.218273;0.047643;13.220008;264.191951;
Belgium.hdr;32;RGB(A);3152976;;;;;;;;;
Belgium.hdr;4;CMYK;1576448;0.015677;0.000246;36.094548;0.204713;0.011607;0.000135;38.705954;0.189499;
Belgium.hdr;6;CMYK;2364672;0.016032;0.000257;35.900424;0.111253;0.011758;0.000138;38.593203;0.286135;
Belgium.hdr;8;CMYK;3152900;0.016233;0.000264;35.792117;0.223258;0.011871;0.000141;38.510173;0.219836;
Belgium.hdr;10;CMYK;3941124;0.016289;0.000265;35.762205;0.295458;0.011903;0.000142;38.487020;0.222734;
Belgium.hdr;4;YCbC;1182337;0.035598;0.001267;28.971500;15.290119;0.021284;0.000453;33.438943;16.466616;
Belgium.hdr;6;YCbC;1773506;0.037117;0.001378;28.608590;22.982319;0.022522;0.000507;32.947847;24.175256;
Belgium.hdr;8;YCbC;2364675;0.038186;0.001458;28.361859;26.364719;0.022929;0.000526;32.792292;27.332348;
Belgium.hdr;10;YCbC;2955843;0.038460;0.001479;28.299862;27.161791;0.023029;0.000530;32.754456;27.931842;
Belgium.hdr;4;HCL;1182337;0.037195;0.001383;28.590408;28.859197;0.024549;0.000603;32.199224;29.000577;
Belgium.hdr;6;HCL;1773506;0.035108;0.001233;29.091951;23.886236;0.024078;0.000580;32.367569;24.772352;
Belgium.hdr;8;HCL;2364675;0.035100;0.001232;29.093896;23.014628;0.023911;0.000572;32.427983;24.351288;
Belgium.hdr;10;HCL;2955843;0.035099;0.001232;29.094208;22.824994;0.024019;0.000577;32.388889;29.993032;
Belgium.hdr;4;Lab;1182337;0.046908;0.002200;26.575101;38.187703;0.031085;0.000966;30.148987;59.090797;
Belgium.hdr;6;Lab;1773506;0.050492;0.002549;25.935528;40.137017;0.033340;0.001112;29.540564;76.875119;
Belgium.hdr;8;Lab;2364675;0.052049;0.002709;25.671795;41.712557;0.033981;0.001155;29.375235;82.501285;
Belgium.hdr;10;Lab;2955843;0.052435;0.002749;25.607616;42.361865;0.034144;0.001166;29.333761;84.732987;
Belgium.hdr;4;Luv;1182337;0.068576;0.004703;23.276563;81.675787;0.035825;0.001283;28.916203;99.096711;
Belgium.hdr;6;Luv;1773506;0.065771;0.004326;23.639349;61.431902;0.035536;0.001263;28.986674;76.551381;
Belgium.hdr;8;Luv;2364675;0.066477;0.004419;23.546544;61.600365;0.035621;0.001269;28.965790;70.068498;
Belgium.hdr;10;Luv;2955843;0.066490;0.004421;23.544918;60.089818;0.035653;0.001271;28.958102;71.720175;
Belgium.hdr;4;RGB;1182337;0.072617;0.005273;22.779188;35.732956;0.053133;0.002823;25.492653;37.796812;
Belgium.hdr;6;RGB;1773506;0.074268;0.005516;22.583939;39.891448;0.053908;0.002906;25.367016;34.889283;
Belgium.hdr;8;RGB;2364675;0.074681;0.005577;22.535833;39.699255;0.054131;0.002930;25.331039;34.418353;
Belgium.hdr;10;RGB;2955843;0.074783;0.005593;22.523938;38.720818;0.054188;0.002936;25.321880;34.308593;
Belgium.hdr;4;sRGB;1182337;0.068230;0.004655;23.320532;37.255653;0.055497;0.003080;25.114566;55.315148;
Belgium.hdr;6;sRGB;1773506;0.067334;0.004534;23.435281;36.217188;0.055054;0.003031;25.184184;56.734484;
Belgium.hdr;8;sRGB;2364675;0.067148;0.004509;23.459392;36.112348;0.054963;0.003021;25.198582;64.502668;
Belgium.hdr;10;sRGB;2955843;0.067103;0.004503;23.465108;36.099125;0.054942;0.003019;25.201853;49.280162;
Belgium.hdr;4;XYZ;1182337;0.071668;0.005136;22.893495;25.043410;0.060284;0.003634;24.395930;31.150627;
Belgium.hdr;6;XYZ;1773506;0.071159;0.005064;22.955427;19.754248;0.058059;0.003371;24.722636;25.783202;
Belgium.hdr;8;XYZ;2364675;0.071156;0.005063;22.955741;20.271570;0.058265;0.003395;24.691817;26.811485;
Belgium.hdr;10;XYZ;2955843;0.071166;0.005065;22.954550;20.330058;0.058296;0.003398;24.687270;26.873091;
Belgium.hdr;4;YCC;1182337;0.107042;0.011458;19.408908;61.762095;0.071327;0.005087;22.934975;59.152312;
Belgium.hdr;6;YCC;1773506;0.140967;0.019872;17.017620;98.653491;0.094345;0.008901;20.505642;98.553722;
Belgium.hdr;8;YCC;2364675;0.182689;0.033375;14.765768;83.879436;0.118771;0.014107;18.505771;107.727133;
Belgium.hdr;10;YCC;2955843;0.231936;0.053794;12.692633;125.981551;0.148897;0.022170;16.542261;133.303032;
Belgium.hdr;4;YPbPr;1182337;0.235454;0.055439;12.561870;140.699949;0.149791;0.022437;16.490296;129.898323;
Belgium.hdr;6;YPbPr;1773506;0.234869;0.055163;12.583500;160.264548;0.149069;0.022222;16.532232;139.503572;
Belgium.hdr;8;YPbPr;2364675;0.234783;0.055123;12.586676;137.904277;0.148926;0.022179;16.540595;152.945287;
Belgium.hdr;10;YPbPr;2955843;0.234762;0.055113;12.587441;138.518423;0.148948;0.022185;16.539335;148.707175;
Belgium.hdr;4;YUV;1182337;0.238089;0.056686;12.465215;135.589424;0.148103;0.021934;16.588725;133.367690;
Belgium.hdr;6;YUV;1773506;0.237193;0.056260;12.497968;140.114997;0.147641;0.021798;16.615871;148.343107;
Belgium.hdr;8;YUV;2364675;0.237494;0.056403;12.486950;165.472764;0.147618;0.021791;16.617216;139.657917;
Belgium.hdr;10;YUV;2955843;0.237509;0.056411;12.486386;135.923653;0.147589;0.021782;16.618924;137.718050;
BigFog.hdr;32;RGB(A);3244396;;;;;;;;;
BigFog.hdr;4;CMYK;1622160;0.012405;0.000154;38.128337;0.265581;0.012328;0.000152;38.182179;0.220127;
BigFog.hdr;6;CMYK;2433240;0.013038;0.000170;37.695749;0.709934;0.013086;0.000171;37.663555;0.754896;
BigFog.hdr;8;CMYK;3244320;0.013281;0.000176;37.535193;0.706942;0.013370;0.000179;37.477210;1.086172;
BigFog.hdr;10;CMYK;4055400;0.013346;0.000178;37.492788;0.744373;0.013445;0.000181;37.428983;1.185015;
BigFog.hdr;4;YCbC;1216620;0.025307;0.000640;31.935277;52.564187;0.022657;0.000513;32.895852;57.027351;
BigFog.hdr;6;YCbC;1824930;0.027579;0.000761;31.188390;86.343326;0.025279;0.000639;31.944902;82.488589;
BigFog.hdr;8;YCbC;2433240;0.028321;0.000802;30.957794;65.216750;0.025944;0.000673;31.719263;68.489991;
BigFog.hdr;10;YCbC;3041550;0.028515;0.000813;30.898576;64.868997;0.026118;0.000682;31.661040;68.520731;
BigFog.hdr;4;HCL;1216620;0.028628;0.000820;30.864051;78.072503;0.026312;0.000692;31.596968;79.730723;
BigFog.hdr;6;HCL;1824930;0.029239;0.000855;30.680850;70.105806;0.026446;0.000699;31.552963;73.590247;
BigFog.hdr;8;HCL;2433240;0.029468;0.000868;30.612887;68.985374;0.026534;0.000704;31.523982;72.696104;
BigFog.hdr;10;HCL;3041550;0.029524;0.000872;30.596573;68.695265;0.026559;0.000705;31.515833;72.573602;
BigFog.hdr;4;Lab;1216620;0.035406;0.001254;29.018371;69.967678;0.028283;0.000800;30.969392;69.644101;
BigFog.hdr;6;Lab;1824930;0.039558;0.001565;28.055212;86.782187;0.031470;0.000990;30.041932;83.182062;
BigFog.hdr;8;Lab;2433240;0.040706;0.001657;27.806765;89.078126;0.032324;0.001045;29.809470;85.923742;
BigFog.hdr;10;Lab;3041550;0.040991;0.001680;27.746265;89.957864;0.032538;0.001059;29.752101;86.603503;
BigFog.hdr;4;Luv;1216620;0.047921;0.002296;26.389414;8.522710;0.030938;0.000957;30.190056;8.467412;
BigFog.hdr;6;Luv;1824930;0.046099;0.002125;26.726197;36.973347;0.029753;0.000885;30.529321;9.140805;
BigFog.hdr;8;Luv;2433240;0.045941;0.002111;26.755963;31.014613;0.029606;0.000877;30.572401;29.117994;
BigFog.hdr;10;Luv;3041550;0.045878;0.002105;26.767816;29.294688;0.029578;0.000875;30.580560;27.593413;
BigFog.hdr;4;RGB;1216620;0.051044;0.002605;25.841125;63.695044;0.061488;0.003781;24.224183;59.913204;
BigFog.hdr;6;RGB;1824930;0.050693;0.002570;25.901090;68.176210;0.061155;0.003740;24.271300;58.642731;
BigFog.hdr;8;RGB;2433240;0.050644;0.002565;25.909468;64.899437;0.061105;0.003734;24.278408;58.406557;
BigFog.hdr;10;RGB;3041550;0.050634;0.002564;25.911182;64.406707;0.061094;0.003732;24.280039;58.328082;
BigFog.hdr;4;sRGB;1216620;0.054665;0.002988;25.245803;52.997881;0.061470;0.003779;24.226783;53.027961;
BigFog.hdr;6;sRGB;1824930;0.054039;0.002920;25.345775;53.523654;0.061402;0.003770;24.236375;53.564762;
BigFog.hdr;8;sRGB;2433240;0.053912;0.002906;25.366338;53.593488;0.061398;0.003770;24.236949;37.012787;
BigFog.hdr;10;sRGB;3041550;0.053882;0.002903;25.371170;53.617245;0.061400;0.003770;24.236618;53.135608;
BigFog.hdr;4;XYZ;1216620;0.070369;0.004952;23.052331;58.485759;0.072275;0.005224;22.820293;50.169633;
BigFog.hdr;6;XYZ;1824930;0.068733;0.004724;23.256677;54.198561;0.068596;0.004705;23.274019;45.440539;
BigFog.hdr;8;XYZ;2433240;0.068512;0.004694;23.284640;52.911574;0.068517;0.004695;23.284081;49.681414;
BigFog.hdr;10;XYZ;3041550;0.068465;0.004687;23.290630;53.033604;0.068500;0.004692;23.286182;49.798438;
BigFog.hdr;4;YCC;1216620;0.130896;0.017134;17.661471;30.794033;0.082404;0.006790;21.681019;31.443780;
BigFog.hdr;6;YCC;1824930;0.162433;0.026385;15.786501;38.307717;0.100595;0.010119;19.948450;38.359284;
BigFog.hdr;8;YCC;2433240;0.187868;0.035294;14.522948;64.625833;0.119730;0.014335;18.435935;59.305555;
BigFog.hdr;10;YCC;3041550;0.222338;0.049434;13.059713;82.893587;0.145046;0.021038;16.769896;79.372844;
BigFog.hdr;4;YPbPr;1216620;0.224938;0.050597;12.958725;91.704580;0.144240;0.020805;16.818314;86.845446;
BigFog.hdr;6;YPbPr;1824930;0.224198;0.050265;12.987380;76.996004;0.143202;0.020507;16.880993;71.163042;
BigFog.hdr;8;YPbPr;2433240;0.224041;0.050195;12.993436;94.215070;0.142970;0.020440;16.895105;88.982330;
BigFog.hdr;10;YPbPr;3041550;0.223924;0.050142;12.997990;94.062030;0.142938;0.020431;16.897034;88.762440;
BigFog.hdr;4;YUV;1216620;0.228988;0.052435;12.803750;84.407766;0.142704;0.020365;16.911252;79.287811;
BigFog.hdr;6;YUV;1824930;0.227013;0.051535;12.878986;80.422136;0.141651;0.020065;16.975637;76.121506;
BigFog.hdr;8;YUV;2433240;0.227563;0.051785;12.857953;68.111140;0.141656;0.020066;16.975294;63.021856;
BigFog.hdr;10;YUV;3041550;0.227651;0.051825;12.854595;86.175954;0.141619;0.020056;16.977546;80.948897;
Forest.hdr;32;RGB(A);5591117;;;;;;;;;
Forest.hdr;4;CMYK;2795520;0.024647;0.000607;32.164766;0.002998;0.008675;0.000075;41.234487;0.003092;
Forest.hdr;6;CMYK;4193280;0.025375;0.000644;31.911921;0.006832;0.008826;0.000078;41.084910;0.006890;
Forest.hdr;8;CMYK;5591040;0.025724;0.000662;31.793396;0.008992;0.008921;0.000080;40.992061;0.009325;
Forest.hdr;10;CMYK;6988800;0.025819;0.000667;31.761190;0.009610;0.008947;0.000080;40.966395;0.009996;
Forest.hdr;4;YCbC;2096640;0.068566;0.004701;23.277807;21.297614;0.018302;0.000335;34.750242;14.850973;
Forest.hdr;6;YCbC;3144960;0.070602;0.004985;23.023683;27.311115;0.019768;0.000391;34.080964;17.495517;
Forest.hdr;8;YCbC;4193280;0.072875;0.005311;22.748380;22.475615;0.020278;0.000411;33.859512;18.294633;
Forest.hdr;10;YCbC;5241600;0.073460;0.005396;22.678942;22.769510;0.020336;0.000414;33.834849;18.495771;
Forest.hdr;4;HCL;2096640;0.070396;0.004956;23.049065;24.443222;0.022368;0.000500;33.007385;16.316196;
Forest.hdr;6;HCL;3144960;0.066083;0.004367;23.598203;20.736811;0.022158;0.000491;33.089304;11.223307;
Forest.hdr;8;HCL;4193280;0.066333;0.004400;23.565371;20.216451;0.022090;0.000488;33.116014;10.836012;
Forest.hdr;10;HCL;5241600;0.066400;0.004409;23.556610;20.256033;0.022076;0.000487;33.121477;10.729231;
Forest.hdr;4;Lab;2096640;0.092003;0.008465;20.723930;28.831444;0.030570;0.000935;30.294172;59.601441;
Forest.hdr;6;Lab;3144960;0.096155;0.009246;20.340523;30.051668;0.033876;0.001148;29.402065;86.925773;
Forest.hdr;8;Lab;4193280;0.098839;0.009769;20.101419;30.234747;0.034724;0.001206;29.187401;92.572893;
Forest.hdr;10;Lab;5241600;0.099516;0.009903;20.042141;30.590120;0.034935;0.001220;29.134765;94.152071;
Forest.hdr;4;Luv;2096640;0.127571;0.016274;17.884967;60.244537;0.033528;0.001124;29.491890;47.968517;
Forest.hdr;6;Luv;3144960;0.120907;0.014618;18.351004;46.228813;0.032058;0.001028;29.881220;35.990808;
Forest.hdr;8;Luv;4193280;0.122892;0.015102;18.209531;48.656776;0.031997;0.001024;29.897906;35.107488;
Forest.hdr;10;Luv;5241600;0.122940;0.015114;18.206139;48.740119;0.031979;0.001023;29.902688;34.982120;
Forest.hdr;4;RGB;2096640;0.136375;0.018598;17.305318;53.988031;0.034388;0.001183;29.271878;43.335210;
Forest.hdr;6;RGB;3144960;0.139598;0.019488;17.102422;56.775699;0.034918;0.001219;29.139016;46.392111;
Forest.hdr;8;RGB;4193280;0.140369;0.019704;17.054561;57.478449;0.035051;0.001229;29.105881;47.208244;
Forest.hdr;10;RGB;5241600;0.140559;0.019757;17.042838;57.651000;0.035084;0.001231;29.097838;47.362043;
Forest.hdr;4;sRGB;2096640;0.118473;0.014036;18.527626;38.984559;0.035023;0.001227;29.113002;28.925657;
Forest.hdr;6;sRGB;3144960;0.116495;0.013571;18.673882;37.285208;0.034605;0.001198;29.217222;27.287866;
Forest.hdr;8;sRGB;4193280;0.116068;0.013472;18.705739;36.904374;0.034527;0.001192;29.236834;26.928788;
Forest.hdr;10;sRGB;5241600;0.115966;0.013448;18.713391;36.809148;0.034507;0.001191;29.241873;26.832295;
Forest.hdr;4;XYZ;2096640;0.123418;0.015232;18.172404;35.967051;0.043511;0.001893;27.228098;48.480158;
Forest.hdr;6;XYZ;3144960;0.120621;0.014549;18.371541;32.074431;0.042987;0.001848;27.333197;50.394269;
Forest.hdr;8;XYZ;4193280;0.120128;0.014431;18.407129;33.610014;0.043094;0.001857;27.311688;53.427822;
Forest.hdr;10;XYZ;5241600;0.120014;0.014403;18.415380;36.309468;0.043081;0.001856;27.314239;53.840579;
Forest.hdr;4;YCC;2096640;0.162331;0.026351;15.791951;77.055893;0.061581;0.003792;24.211022;57.620615;
Forest.hdr;6;YCC;3144960;0.235855;0.055628;12.547080;70.210518;0.087247;0.007612;21.184942;78.478433;
Forest.hdr;8;YCC;4193280;0.270998;0.073440;11.340684;72.912356;0.099598;0.009920;20.034947;79.197633;
Forest.hdr;10;YCC;5241600;0.287213;0.082491;10.835923;85.713040;0.109956;0.012090;19.175611;91.732990;
Forest.hdr;4;YPbPr;2096640;0.277618;0.077072;11.131048;67.786177;0.103021;0.010613;19.741517;61.278464;
Forest.hdr;6;YPbPr;3144960;0.277798;0.077172;11.125412;72.624735;0.103238;0.010658;19.723216;63.947923;
Forest.hdr;8;YPbPr;4193280;0.278411;0.077512;11.106287;77.666599;0.103243;0.010659;19.722792;65.575550;
Forest.hdr;10;YPbPr;5241600;0.278408;0.077511;11.106357;75.937759;0.103189;0.010648;19.727371;64.486272;
Forest.hdr;4;YUV;2096640;0.266983;0.071280;11.470344;65.444874;0.100287;0.010057;19.975103;65.291479;
Forest.hdr;6;YUV;3144960;0.268016;0.071832;11.436796;66.606712;0.100343;0.010069;19.970233;69.527461;
Forest.hdr;8;YUV;4193280;0.268690;0.072194;11.414981;69.967011;0.100367;0.010073;19.968208;62.797942;
Forest.hdr;10;YUV;5241600;0.268772;0.072238;11.412334;68.703066;0.100327;0.010066;19.971620;62.101481;
